-- Generated by Supabase Migration Tool

-- ENUM TYPES
CREATE TYPE public.button_color AS ENUM ('#4F46E5', '#7C3AED', '#6366F1', '#2563EB', '#3B82F6', '#60A5FA', '#0EA5E9', '#38BDF8', '#7DD3FC', '#EC4899', '#D946EF', '#8B5CF6', '#A855F7', '#F472B6', '#10B981', '#34D399', '#6EE7B7', '#22C55E', '#F59E0B', '#F97316', '#FB923C', '#FBBF24', '#EF4444', '#F87171', '#FCA5A5', '#475569', '#64748B', '#94A3B8', '#0F172A', '#1E293B', '#334155');
CREATE TYPE public.button_display_type AS ENUM ('icon', 'thumbnail', 'icon_and_thumbnail');
CREATE TYPE public.invitation_status AS ENUM ('pending', 'accepted', 'expired', 'cancelled');
CREATE TYPE public.organization_role AS ENUM ('owner', 'admin', 'member');
CREATE TYPE public.subscription_status AS ENUM ('trial', 'active', 'past_due', 'canceled', 'incomplete');
CREATE TYPE public.thumbnail_fetch_status AS ENUM ('pending', 'success', 'failed', 'not_attempted');

-- USER-DEFINED FUNCTIONS
CREATE OR REPLACE FUNCTION auth.email()
 RETURNS text
 LANGUAGE sql
 STABLE
AS $function$
  select 
  coalesce(
    nullif(current_setting('request.jwt.claim.email', true), ''),
    (nullif(current_setting('request.jwt.claims', true), '')::jsonb ->> 'email')
  )::text
$function$
;

CREATE OR REPLACE FUNCTION auth.jwt()
 RETURNS jsonb
 LANGUAGE sql
 STABLE
AS $function$
  select 
    coalesce(
        nullif(current_setting('request.jwt.claim', true), ''),
        nullif(current_setting('request.jwt.claims', true), '')
    )::jsonb
$function$
;

CREATE OR REPLACE FUNCTION auth.role()
 RETURNS text
 LANGUAGE sql
 STABLE
AS $function$
  select 
  coalesce(
    nullif(current_setting('request.jwt.claim.role', true), ''),
    (nullif(current_setting('request.jwt.claims', true), '')::jsonb ->> 'role')
  )::text
$function$
;

CREATE OR REPLACE FUNCTION auth.uid()
 RETURNS uuid
 LANGUAGE sql
 STABLE
AS $function$
  select 
  coalesce(
    nullif(current_setting('request.jwt.claim.sub', true), ''),
    (nullif(current_setting('request.jwt.claims', true), '')::jsonb ->> 'sub')
  )::uuid
$function$
;

CREATE OR REPLACE FUNCTION public.assign_free_plan_to_new_user()
 RETURNS trigger
 LANGUAGE plpgsql
 SECURITY DEFINER
 SET search_path TO 'public'
AS $function$
DECLARE
  free_plan_id UUID;
BEGIN
  SELECT id INTO free_plan_id 
  FROM subscription_plans 
  WHERE name = 'Free' 
  LIMIT 1;
  
  IF free_plan_id IS NOT NULL THEN
    INSERT INTO user_subscriptions (user_id, plan_id, status)
    VALUES (NEW.id, free_plan_id, 'active')
    ON CONFLICT (user_id) DO NOTHING;
  END IF;
  
  RETURN NEW;
END;
$function$
;

CREATE OR REPLACE FUNCTION public.check_org_member_limit(p_org_id uuid)
 RETURNS TABLE(can_invite boolean, current_count bigint, max_allowed integer, plan_name text)
 LANGUAGE plpgsql
 SECURITY DEFINER
 SET search_path TO 'public'
AS $function$
DECLARE
  v_owner_id UUID;
  v_plan RECORD;
  v_member_count BIGINT;
BEGIN
  SELECT user_id INTO v_owner_id 
  FROM organization_members 
  WHERE organization_id = p_org_id AND role = 'owner' 
  LIMIT 1;
  
  SELECT * INTO v_plan FROM get_user_current_plan(v_owner_id) LIMIT 1;
  
  SELECT COUNT(*) INTO v_member_count
  FROM organization_members
  WHERE organization_id = p_org_id;
  
  RETURN QUERY
  SELECT 
    (v_member_count < v_plan.max_members) as can_invite,
    v_member_count as current_count,
    v_plan.max_members as max_allowed,
    v_plan.plan_name as plan_name;
END;
$function$
;

CREATE OR REPLACE FUNCTION public.check_rate_limit(p_endpoint text, p_limit integer DEFAULT 100, p_window_minutes integer DEFAULT 60)
 RETURNS boolean
 LANGUAGE plpgsql
 SECURITY DEFINER
 SET search_path TO 'public'
AS $function$
DECLARE
  v_user_id uuid;
  v_window_start timestamp with time zone;
  v_current_count integer;
BEGIN
  v_user_id := auth.uid();
  
  -- Return true if user is not authenticated (let other checks handle this)
  IF v_user_id IS NULL THEN
    RETURN true;
  END IF;
  
  -- Calculate window start time
  v_window_start := date_trunc('hour', now()) + 
    INTERVAL '1 hour' * FLOOR(EXTRACT(epoch FROM now() - date_trunc('hour', now())) / (p_window_minutes * 60));
  
  -- Get or create rate limit record
  INSERT INTO public.rate_limits (user_id, endpoint, window_start, request_count)
  VALUES (v_user_id, p_endpoint, v_window_start, 1)
  ON CONFLICT (user_id, endpoint, window_start)
  DO UPDATE SET 
    request_count = public.rate_limits.request_count + 1,
    created_at = now()
  RETURNING request_count INTO v_current_count;
  
  -- Check if limit exceeded
  IF v_current_count > p_limit THEN
    -- Log rate limit violation
    PERFORM public.log_security_event(
      'rate_limit_exceeded',
      v_user_id,
      'rate_limit',
      NULL,
      jsonb_build_object(
        'endpoint', p_endpoint,
        'count', v_current_count,
        'limit', p_limit,
        'window_minutes', p_window_minutes
      )
    );
    RETURN false;
  END IF;
  
  RETURN true;
END;
$function$
;

CREATE OR REPLACE FUNCTION public.check_user_org_limit(p_user_id uuid)
 RETURNS TABLE(can_create boolean, current_count bigint, max_allowed integer, plan_name text)
 LANGUAGE plpgsql
 SECURITY DEFINER
 SET search_path TO 'public'
AS $function$
DECLARE
  v_plan RECORD;
BEGIN
  SELECT * INTO v_plan FROM get_user_current_plan(p_user_id) LIMIT 1;
  
  RETURN QUERY
  SELECT 
    (v_plan.organizations_used < v_plan.max_organizations) as can_create,
    v_plan.organizations_used as current_count,
    v_plan.max_organizations as max_allowed,
    v_plan.plan_name as plan_name;
END;
$function$
;

CREATE OR REPLACE FUNCTION public.cleanup_expired_data()
 RETURNS void
 LANGUAGE plpgsql
 SECURITY DEFINER
 SET search_path TO 'public'
AS $function$
BEGIN
  -- Clean up expired CSRF tokens (older than 24 hours)
  DELETE FROM public.csrf_tokens 
  WHERE expires_at < now() - INTERVAL '1 hour';
  
  -- Clean up expired organization invitations (older than 30 days)
  DELETE FROM public.organization_invitations 
  WHERE expires_at < now() - INTERVAL '30 days';
  
  -- Clean up completed upgrade intents (older than 30 days)
  DELETE FROM public.upgrade_intents 
  WHERE completed = true 
    AND completed_at < now() - INTERVAL '30 days';
  
  -- Clean up old admin operation logs (keep only last 90 days)
  DELETE FROM public.admin_operations_log 
  WHERE created_at < now() - INTERVAL '90 days';
  
  -- Log cleanup operation
  INSERT INTO public.admin_operations_log (
    admin_id,
    operation_type,
    target_email,
    details
  ) VALUES (
    '00000000-0000-0000-0000-000000000000',
    'automated_cleanup',
    'system',
    jsonb_build_object(
      'timestamp', now(),
      'cleanup_type', 'expired_data'
    )
  );
END;
$function$
;

CREATE OR REPLACE FUNCTION public.clear_current_user_id()
 RETURNS void
 LANGUAGE plpgsql
 SECURITY DEFINER
 SET search_path TO 'public'
AS $function$
BEGIN
  PERFORM set_config('request.user_id', '', true);
END;
$function$
;

CREATE OR REPLACE FUNCTION public.create_new_organization(org_name text, org_description text DEFAULT NULL::text)
 RETURNS uuid
 LANGUAGE plpgsql
 SECURITY DEFINER
 SET search_path TO 'public'
AS $function$
DECLARE
  new_org_id uuid;
  user_id uuid;
  org_limit_check RECORD;
BEGIN
  -- Get the current user ID
  user_id := auth.uid();
  
  -- Validate that user is authenticated
  IF user_id IS NULL THEN
    RAISE EXCEPTION 'User must be authenticated to create organization';
  END IF;
  
  -- Check organization limit
  SELECT * INTO org_limit_check FROM public.check_user_org_limit(user_id) LIMIT 1;
  
  IF NOT org_limit_check.can_create THEN
    RAISE EXCEPTION 'Organization limit reached. You have % organizations out of % allowed on the % plan. Please upgrade to create more organizations.', 
      org_limit_check.current_count, org_limit_check.max_allowed, org_limit_check.plan_name;
  END IF;
  
  -- Validate organization name
  IF org_name IS NULL OR trim(org_name) = '' THEN
    RAISE EXCEPTION 'Organization name cannot be empty';
  END IF;
  
  -- Create the organization
  INSERT INTO public.organizations (name, description, slug)
  VALUES (
    trim(org_name),
    CASE WHEN org_description IS NOT NULL AND trim(org_description) != '' THEN trim(org_description) ELSE NULL END,
    lower(regexp_replace(trim(org_name), '[^a-zA-Z0-9]+', '-', 'g')) || '-' || substr(md5(random()::text), 0, 8)
  )
  RETURNING id INTO new_org_id;
  
  -- Add the user as owner of the new organization
  INSERT INTO public.organization_members (user_id, organization_id, role)
  VALUES (user_id, new_org_id, 'owner');
  
  -- Return the new organization ID
  RETURN new_org_id;
END;
$function$
;

CREATE OR REPLACE FUNCTION public.create_trial_subscription()
 RETURNS trigger
 LANGUAGE plpgsql
 SECURITY DEFINER
 SET search_path TO 'public'
AS $function$
DECLARE
  basic_plan_id UUID;
  trial_period INTERVAL := INTERVAL '14 days';
BEGIN
  SELECT id INTO basic_plan_id FROM subscription_plans WHERE name = 'Basic';

  INSERT INTO organization_subscriptions
    (organization_id, plan_id, status, trial_ends_at)
  VALUES
    (NEW.clerk_id, basic_plan_id, 'trial', NOW() + trial_period);

  INSERT INTO subscription_usage
    (organization_id, resource_type, count)
  VALUES
    (NEW.clerk_id, 'organizations', 0),
    (NEW.clerk_id, 'members', 0),
    (NEW.clerk_id, 'resources', 0);

  RETURN NEW;
END;
$function$
;

CREATE OR REPLACE FUNCTION public.ensure_user_has_subscription(p_user_id uuid)
 RETURNS void
 LANGUAGE plpgsql
 SECURITY DEFINER
 SET search_path TO 'public'
AS $function$
DECLARE
  free_plan_id UUID;
BEGIN
  -- Get the Free plan ID
  SELECT id INTO free_plan_id 
  FROM subscription_plans 
  WHERE name = 'Free' 
  LIMIT 1;
  
  -- Only insert if user doesn't already have a subscription
  IF NOT EXISTS (SELECT 1 FROM user_subscriptions WHERE user_id = p_user_id) THEN
    INSERT INTO user_subscriptions (user_id, plan_id, status)
    VALUES (p_user_id, free_plan_id, 'active');
  END IF;
END;
$function$
;

CREATE OR REPLACE FUNCTION public.execute_upgrade_intent(p_user_id uuid, p_stripe_session_id text)
 RETURNS TABLE(success boolean, action text, result_id uuid, message text)
 LANGUAGE plpgsql
 SECURITY DEFINER
 SET search_path TO 'public'
AS $function$
DECLARE
  v_intent RECORD;
  v_new_org_id UUID;
  v_result_message TEXT;
BEGIN
  SELECT * INTO v_intent
  FROM upgrade_intents
  WHERE user_id = p_user_id 
    AND stripe_session_id = p_stripe_session_id
    AND NOT completed
    AND expires_at > now()
  ORDER BY created_at DESC
  LIMIT 1;

  IF NOT FOUND THEN
    RETURN QUERY SELECT false, ''::TEXT, NULL::UUID, 'No pending upgrade intent found'::TEXT;
    RETURN;
  END IF;

  IF v_intent.action = 'create_organization' THEN
    BEGIN
      SELECT create_new_organization(v_intent.organization_name, v_intent.organization_description) INTO v_new_org_id;
      v_result_message := 'Organization "' || v_intent.organization_name || '" created successfully';
    EXCEPTION WHEN OTHERS THEN
      v_result_message := 'Failed to create organization: ' || SQLERRM;
      v_new_org_id := NULL;
    END;
  ELSIF v_intent.action = 'invite_member' THEN
    v_new_org_id := v_intent.organization_id;
    v_result_message := 'Ready to invite ' || v_intent.invite_email || ' to organization';
  END IF;

  UPDATE upgrade_intents
  SET completed = true, completed_at = now()
  WHERE id = v_intent.id;

  RETURN QUERY SELECT 
    (v_new_org_id IS NOT NULL OR v_intent.action = 'invite_member'), 
    v_intent.action, 
    v_new_org_id, 
    v_result_message;
END;
$function$
;

CREATE OR REPLACE FUNCTION public.fetch_user_memberships()
 RETURNS SETOF organization_members
 LANGUAGE plpgsql
 SECURITY DEFINER
 SET search_path TO 'public'
AS $function$
begin
  return query
    select *
    from organization_members
    where user_id = current_setting('request.user_id', true)::uuid;
end;
$function$
;

CREATE OR REPLACE FUNCTION public.get_current_user_internal_id(user_email text)
 RETURNS uuid
 LANGUAGE plpgsql
 SET search_path TO 'public'
AS $function$
declare
  user_uuid uuid;
  normalized_email text;
begin
  -- Validate input parameter
  if user_email is null or user_email = '' then
    raise exception 'user_email parameter cannot be null or empty';
  end if;
  
  -- Normalize the input email
  normalized_email := trim(lower(user_email));
  
  -- Try to find the user with normalized comparison
  select id into user_uuid 
  from profiles 
  where lower(trim(email)) = normalized_email;
  
  -- Check if user was found
  if user_uuid is null then
    raise exception 'No user found with email: %', user_email;
  end if;
  
  return user_uuid;
end;
$function$
;

CREATE OR REPLACE FUNCTION public.get_or_create_user(p_clerk_user_id text, p_email text DEFAULT NULL::text, p_first_name text DEFAULT NULL::text, p_last_name text DEFAULT NULL::text)
 RETURNS TABLE(id uuid, clerk_user_id text, email text, first_name text, last_name text, created_at timestamp with time zone, updated_at timestamp with time zone, internal_id uuid)
 LANGUAGE plpgsql
 SECURITY DEFINER
 SET search_path TO 'public'
AS $function$
DECLARE
  v_user_record RECORD;
BEGIN
  -- Try to find existing user with fully qualified column reference
  SELECT * INTO v_user_record
  FROM public.users u
  WHERE u.clerk_user_id = p_clerk_user_id;
  
  -- If user exists, return it (potentially updating name/email)
  IF FOUND THEN
    -- Update email and names if they've changed
    UPDATE public.users u
    SET 
      email = COALESCE(p_email, u.email),
      first_name = COALESCE(p_first_name, u.first_name),
      last_name = COALESCE(p_last_name, u.last_name),
      updated_at = now()
    WHERE u.clerk_user_id = p_clerk_user_id
    RETURNING * INTO v_user_record;
    
    RETURN QUERY SELECT 
      v_user_record.id,
      v_user_record.clerk_user_id,
      v_user_record.email,
      v_user_record.first_name,
      v_user_record.last_name,
      v_user_record.created_at,
      v_user_record.updated_at,
      v_user_record.internal_id;
    RETURN;
  END IF;
  
  -- User doesn't exist, create new one
  INSERT INTO public.users (clerk_user_id, email, first_name, last_name)
  VALUES (p_clerk_user_id, p_email, p_first_name, p_last_name)
  RETURNING * INTO v_user_record;
  
  RETURN QUERY SELECT 
    v_user_record.id,
    v_user_record.clerk_user_id,
    v_user_record.email,
    v_user_record.first_name,
    v_user_record.last_name,
    v_user_record.created_at,
    v_user_record.updated_at,
    v_user_record.internal_id;
END;
$function$
;

CREATE OR REPLACE FUNCTION public.get_user_current_plan(p_user_id uuid)
 RETURNS TABLE(plan_name text, max_organizations integer, max_members integer, organizations_used bigint, status subscription_status)
 LANGUAGE plpgsql
 SECURITY DEFINER
 SET search_path TO 'public'
AS $function$
BEGIN
  -- First check if user has an active subscription with manual override
  RETURN QUERY
  SELECT 
    CASE 
      WHEN us.manual_override THEN 'Pro'
      ELSE sp.name 
    END as plan_name,
    CASE 
      WHEN us.manual_override THEN 5  -- Pro plan org limit
      ELSE sp.max_organizations_per_user 
    END as max_organizations,
    CASE 
      WHEN us.manual_override THEN 999999  -- Pro plan member limit
      ELSE sp.max_members_per_org 
    END as max_members,
    COALESCE(
      (SELECT COUNT(*) 
       FROM organization_members om 
       JOIN organizations o ON o.id = om.organization_id 
       WHERE om.user_id = p_user_id AND om.role = 'owner'), 
      0
    ) as organizations_used,
    us.status as status
  FROM user_subscriptions us
  JOIN subscription_plans sp ON sp.id = us.plan_id
  WHERE us.user_id = p_user_id
  
  UNION ALL
  
  -- Default to Free plan if no subscription exists
  SELECT 
    sp.name as plan_name,
    sp.max_organizations_per_user as max_organizations,
    sp.max_members_per_org as max_members,
    COALESCE(
      (SELECT COUNT(*) 
       FROM organization_members om 
       JOIN organizations o ON o.id = om.organization_id 
       WHERE om.user_id = p_user_id AND om.role = 'owner'), 
      0
    ) as organizations_used,
    'active'::subscription_status as status
  FROM subscription_plans sp
  WHERE sp.name = 'Free' 
    AND NOT EXISTS (SELECT 1 FROM user_subscriptions WHERE user_id = p_user_id)
  
  LIMIT 1;
END;
$function$
;

CREATE OR REPLACE FUNCTION public.get_user_internal_id(p_clerk_user_id text)
 RETURNS uuid
 LANGUAGE sql
 STABLE SECURITY DEFINER
 SET search_path TO 'public'
AS $function$
  SELECT id FROM public.users WHERE clerk_user_id = p_clerk_user_id LIMIT 1;
$function$
;

CREATE OR REPLACE FUNCTION public.get_user_organization_ids(user_email text)
 RETURNS uuid[]
 LANGUAGE sql
 STABLE SECURITY DEFINER
 SET search_path TO 'public'
AS $function$
  SELECT ARRAY_AGG(om.organization_id)
  FROM organization_members om
  JOIN profiles p ON p.id = om.user_id
  WHERE p.email = user_email;
$function$
;

CREATE OR REPLACE FUNCTION public.handle_new_user()
 RETURNS trigger
 LANGUAGE plpgsql
 SECURITY DEFINER
 SET search_path TO ''
AS $function$
BEGIN
  -- Check if a profile already exists for this user
  IF NOT EXISTS (SELECT 1 FROM public.profiles WHERE id = new.id) THEN
    -- Create a profile entry, now including the email
    INSERT INTO public.profiles (id, email)
    VALUES (new.id, new.email);
    
    -- Log the profile creation
    INSERT INTO public.admin_operations_log (
      admin_id,
      operation_type,
      target_email,
      details
    ) VALUES (
      new.id,
      'profile_created',
      new.email,
      jsonb_build_object(
        'method', 'trigger',
        'timestamp', now()
      )
    );
  END IF;
  
  RETURN new;
END;
$function$
;

CREATE OR REPLACE FUNCTION public.handle_new_user_setup()
 RETURNS trigger
 LANGUAGE plpgsql
 SECURITY DEFINER
 SET search_path TO 'public'
AS $function$
DECLARE
  new_org_id uuid;
  user_display_name text;
BEGIN
  -- Create a profile entry for the new user
  INSERT INTO public.profiles (id, email, first_name, last_name)
  VALUES (NEW.id, NEW.email, NEW.raw_user_meta_data->>'first_name', NEW.raw_user_meta_data->>'last_name');

  -- Determine a display name for the new organization
  user_display_name := COALESCE(NEW.raw_user_meta_data->>'first_name', split_part(NEW.email, '@', 1));

  -- Create a default organization for the user
  INSERT INTO public.organizations (name, slug)
  VALUES (user_display_name || '''s Organization', user_display_name || '-org-' || substr(md5(random()::text), 0, 8))
  RETURNING id INTO new_org_id;

  -- Make the user the owner of their new organization
  INSERT INTO public.organization_members (user_id, organization_id, role)
  VALUES (NEW.id, new_org_id, 'owner');

  RETURN NEW;
END;
$function$
;

CREATE OR REPLACE FUNCTION public.is_admin_from_jwt()
 RETURNS boolean
 LANGUAGE sql
 STABLE
 SET search_path TO 'public'
AS $function$
  SELECT 
    coalesce(
      current_setting('request.jwt.claims.user_metadata.org_role', true) = 'org:admin' OR
      current_setting('request.jwt.claims.user_metadata.org_role', true) = 'admin',
      false
    );
$function$
;

CREATE OR REPLACE FUNCTION public.is_current_user_org_admin_or_owner(p_org_id uuid)
 RETURNS boolean
 LANGUAGE sql
 STABLE SECURITY DEFINER
 SET search_path TO 'public'
AS $function$
  SELECT EXISTS (
    SELECT 1
    FROM public.organization_members
    WHERE organization_id = p_org_id
      AND user_id = auth.uid()
      AND role IN ('admin', 'owner')
  );
$function$
;

CREATE OR REPLACE FUNCTION public.mask_sensitive_data(p_data jsonb, p_user_role organization_role DEFAULT 'member'::organization_role)
 RETURNS jsonb
 LANGUAGE plpgsql
 STABLE SECURITY DEFINER
 SET search_path TO 'public'
AS $function$
DECLARE
  masked_data jsonb;
  sensitive_fields text[] := ARRAY[
    'stripe_customer_id',
    'subscription_id', 
    'stripe_subscription_id',
    'stripe_price_id',
    'stripe_product_id',
    'clerk_subscription_id',
    'token',
    'csrf_token'
  ];
  field text;
BEGIN
  masked_data := p_data;
  
  -- Only mask for non-admin roles
  IF p_user_role = 'member' THEN
    FOREACH field IN ARRAY sensitive_fields
    LOOP
      IF masked_data ? field THEN
        masked_data := masked_data - field;
      END IF;
    END LOOP;
  END IF;
  
  RETURN masked_data;
END;
$function$
;

CREATE OR REPLACE FUNCTION public.on_organization_created()
 RETURNS trigger
 LANGUAGE plpgsql
 SECURITY DEFINER
 SET search_path TO 'public'
AS $function$
DECLARE
  free_plan_id UUID;
BEGIN
  SELECT id INTO free_plan_id FROM subscription_plans WHERE name = 'Free';

  IF free_plan_id IS NULL THEN
    INSERT INTO subscription_plans (name, price_per_year, max_members_per_org, features, clerk_plan_id)
    VALUES (
      'Free', 
      0, 
      5, 
      '{"dashboard": true, "basic_resources": true, "premium_resources": false, "custom_branding": false}'::jsonb,
      'free_plan'
    )
    RETURNING id INTO free_plan_id;
  END IF;

  INSERT INTO organization_subscriptions
    (organization_id, plan_id, status)
  VALUES
    (NEW.clerk_id, free_plan_id, 'trial');

  INSERT INTO subscription_usage
    (organization_id, resource_type, count)
  VALUES
    (NEW.clerk_id, 'organizations', 1),
    (NEW.clerk_id, 'members', 0),
    (NEW.clerk_id, 'resources', 0);

  RETURN NEW;
END;
$function$
;

CREATE OR REPLACE FUNCTION public.org_has_feature(p_org_id text, p_feature text)
 RETURNS boolean
 LANGUAGE plpgsql
 STABLE SECURITY DEFINER
 SET search_path TO 'public'
AS $function$
DECLARE
  v_has_feature BOOLEAN;
BEGIN
  SELECT 
    (p.features->p_feature)::boolean INTO v_has_feature
  FROM 
    organization_subscriptions os
    JOIN subscription_plans p ON os.plan_id = p.id
  WHERE 
    os.organization_id = p_org_id
  ORDER BY 
    os.created_at DESC
  LIMIT 1;

  RETURN COALESCE(v_has_feature, false);
END;
$function$
;

CREATE OR REPLACE FUNCTION public.raw_sql(query text)
 RETURNS void
 LANGUAGE plpgsql
 SET search_path TO 'public'
AS $function$
BEGIN
  EXECUTE query;
END;
$function$
;

CREATE OR REPLACE FUNCTION public.requesting_org_id()
 RETURNS text
 LANGUAGE sql
 STABLE
 SET search_path TO 'public'
AS $function$
  SELECT current_setting('request.jwt.claims.org.current', true);
$function$
;

CREATE OR REPLACE FUNCTION public.requesting_user_id()
 RETURNS uuid
 LANGUAGE sql
 STABLE
 SET search_path TO 'public'
AS $function$
  SELECT auth.uid();
$function$
;

CREATE OR REPLACE FUNCTION public.set_manual_pro_subscription(p_user_id uuid)
 RETURNS void
 LANGUAGE plpgsql
 SECURITY DEFINER
 SET search_path TO 'public'
AS $function$
DECLARE
  free_plan_id UUID;
BEGIN
  -- Get Free plan ID
  SELECT id INTO free_plan_id 
  FROM subscription_plans 
  WHERE name = 'Free' 
  LIMIT 1;
  
  -- Upsert user subscription with manual override
  INSERT INTO user_subscriptions (user_id, plan_id, status, manual_override)
  VALUES (p_user_id, free_plan_id, 'active', true)
  ON CONFLICT (user_id) 
  DO UPDATE SET 
    manual_override = true,
    updated_at = now();
END;
$function$
;

CREATE OR REPLACE FUNCTION public.set_user_context_by_clerk_id(p_clerk_user_id text, p_email text DEFAULT NULL::text, p_first_name text DEFAULT NULL::text, p_last_name text DEFAULT NULL::text)
 RETURNS uuid
 LANGUAGE plpgsql
 SECURITY DEFINER
 SET search_path TO 'public'
AS $function$
DECLARE
  v_user_id uuid;
BEGIN
  -- Ensure user exists and get internal ID
  SELECT public.ensure_user_exists(p_clerk_user_id, p_email, p_first_name, p_last_name) INTO v_user_id;
  
  -- Set the user context for RLS
  PERFORM public.set_current_user_id(v_user_id);
  
  -- Log context setting
  RAISE NOTICE 'Set user context for clerk_user_id: % with internal id: %', p_clerk_user_id, v_user_id;
  
  RETURN v_user_id;
END;
$function$
;

CREATE OR REPLACE FUNCTION public.sync_organization_payment_status()
 RETURNS trigger
 LANGUAGE plpgsql
 SECURITY DEFINER
 SET search_path TO 'public'
AS $function$
BEGIN
  -- Update all organizations owned by this user to reflect their subscription status
  UPDATE organizations 
  SET 
    is_paid = (
      SELECT CASE 
        WHEN sp.name != 'Free' AND us.status = 'active' THEN true 
        ELSE false 
      END
      FROM user_subscriptions us
      JOIN subscription_plans sp ON sp.id = us.plan_id
      WHERE us.user_id = NEW.user_id
      LIMIT 1
    ),
    subscription_status = CASE 
      WHEN NEW.status = 'active' THEN 'active'
      WHEN NEW.status = 'past_due' THEN 'past_due'
      ELSE 'inactive'
    END,
    -- Copy user subscription data to organization for backward compatibility
    stripe_customer_id = NEW.stripe_customer_id,
    subscription_id = NEW.stripe_subscription_id,
    current_period_end = NEW.current_period_end
  WHERE id IN (
    SELECT organization_id 
    FROM organization_members 
    WHERE user_id = NEW.user_id AND role = 'owner'
  );
  
  RETURN NEW;
END;
$function$
;

CREATE OR REPLACE FUNCTION public.transfer_organization_ownership(p_org_id uuid, p_new_owner_id uuid)
 RETURNS void
 LANGUAGE plpgsql
 SECURITY DEFINER
 SET search_path TO 'public'
AS $function$
DECLARE
  v_requester uuid := auth.uid();
  v_is_requester_owner boolean;
  v_new_owner_membership_exists boolean;
BEGIN
  IF v_requester IS NULL THEN
    RAISE EXCEPTION 'Not authenticated';
  END IF;

  -- Ensure requester is current owner of the organization
  SELECT EXISTS (
    SELECT 1 FROM public.organization_members om
    WHERE om.organization_id = p_org_id
      AND om.user_id = v_requester
      AND om.role = 'owner'
  ) INTO v_is_requester_owner;

  IF NOT v_is_requester_owner THEN
    RAISE EXCEPTION 'Only the current owner can transfer ownership';
  END IF;

  -- Ensure the new owner is already a member of the organization
  SELECT EXISTS (
    SELECT 1 FROM public.organization_members om
    WHERE om.organization_id = p_org_id
      AND om.user_id = p_new_owner_id
  ) INTO v_new_owner_membership_exists;

  IF NOT v_new_owner_membership_exists THEN
    RAISE EXCEPTION 'New owner must be an existing member of the organization';
  END IF;

  -- Perform transfer atomically
  PERFORM pg_advisory_xact_lock(hashtext(p_org_id::text));

  -- Demote current owner (requester) to admin
  UPDATE public.organization_members
  SET role = 'admin'
  WHERE organization_id = p_org_id
    AND user_id = v_requester
    AND role = 'owner';

  IF NOT FOUND THEN
    RAISE EXCEPTION 'Ownership transfer failed: requester is not recorded as owner';
  END IF;

  -- Promote target member to owner
  UPDATE public.organization_members
  SET role = 'owner'
  WHERE organization_id = p_org_id
    AND user_id = p_new_owner_id;

  IF NOT FOUND THEN
    RAISE EXCEPTION 'Ownership transfer failed: target user is not a member';
  END IF;

  -- Ensure only one owner exists (optional hard guard)
  IF (SELECT COUNT(*) FROM public.organization_members
      WHERE organization_id = p_org_id AND role = 'owner') <> 1 THEN
    RAISE EXCEPTION 'Ownership transfer integrity check failed: unexpected owner count';
  END IF;
END;
$function$
;

CREATE OR REPLACE FUNCTION public.update_updated_at_column()
 RETURNS trigger
 LANGUAGE plpgsql
 SET search_path TO 'public'
AS $function$
BEGIN
  NEW.updated_at = now();
  RETURN NEW;
END;
$function$
;

CREATE OR REPLACE FUNCTION public.user_has_role_in_org(user_email text, org_id uuid, required_role organization_role)
 RETURNS boolean
 LANGUAGE sql
 STABLE SECURITY DEFINER
 SET search_path TO 'public'
AS $function$
  SELECT EXISTS (
    SELECT 1
    FROM organization_members om
    JOIN profiles p ON p.id = om.user_id
    WHERE p.email = user_email
      AND om.organization_id = org_id
      AND (
        om.role = required_role OR
        (required_role = 'member' AND om.role IN ('admin', 'owner')) OR
        (required_role = 'admin' AND om.role = 'owner')
      )
  );
$function$
;


-- TRIGGERS
CREATE TRIGGER assign_free_plan_on_signup AFTER INSERT ON auth.users FOR EACH ROW EXECUTE FUNCTION assign_free_plan_to_new_user();

CREATE TRIGGER assign_free_plan_trigger AFTER INSERT ON auth.users FOR EACH ROW EXECUTE FUNCTION assign_free_plan_to_new_user();

CREATE TRIGGER on_auth_user_created AFTER INSERT ON auth.users FOR EACH ROW EXECUTE FUNCTION handle_new_user();

CREATE TRIGGER update_contact_submissions_updated_at BEFORE UPDATE ON public.contact_submissions FOR EACH ROW EXECUTE FUNCTION update_updated_at_column();

CREATE TRIGGER sync_org_payment_on_subscription_change AFTER INSERT OR UPDATE ON public.user_subscriptions FOR EACH ROW EXECUTE FUNCTION sync_organization_payment_status();


-- TABLE DEFINITIONS
-- DDL for public.admin_operations_log
CREATE TABLE public.admin_operations_log
(
  id uuid NOT NULL,
  admin_id uuid NOT NULL,
  operation_type text NOT NULL,
  target_email text NOT NULL,
  details jsonb,
  created_at timestamptz NOT NULL
);

-- DDL for public.contact_submissions
CREATE TABLE public.contact_submissions
(
  id uuid NOT NULL,
  name text NOT NULL,
  email text NOT NULL,
  company text,
  message text NOT NULL,
  submitted_at timestamptz NOT NULL,
  status text NOT NULL,
  created_at timestamptz NOT NULL,
  updated_at timestamptz NOT NULL
);

-- DDL for public.csrf_tokens
CREATE TABLE public.csrf_tokens
(
  id uuid NOT NULL,
  user_id uuid NOT NULL,
  token text NOT NULL,
  created_at timestamptz NOT NULL,
  expires_at timestamptz NOT NULL,
  used bool
);

-- DDL for public.org_buttons
CREATE TABLE public.org_buttons
(
  id uuid NOT NULL,
  organization_id uuid NOT NULL,
  section_id uuid NOT NULL,
  name text NOT NULL,
  url text NOT NULL,
  color text NOT NULL,
  "position" int4 NOT NULL,
  created_at timestamptz,
  updated_at timestamptz,
  icon_name text,
  icon_color text,
  display_type button_display_type,
  thumbnail_url text,
  domain_hash text,
  thumbnail_cached_at timestamptz,
  thumbnail_fetch_status thumbnail_fetch_status
);

-- DDL for public.org_sections
CREATE TABLE public.org_sections
(
  id uuid NOT NULL,
  organization_id uuid NOT NULL,
  title text NOT NULL,
  "position" int4 NOT NULL,
  created_at timestamptz,
  updated_at timestamptz
);

-- DDL for public.organization_invitations
CREATE TABLE public.organization_invitations
(
  id uuid NOT NULL,
  organization_id uuid NOT NULL,
  email text NOT NULL,
  role organization_role NOT NULL,
  token text NOT NULL,
  invited_by uuid NOT NULL,
  status invitation_status NOT NULL,
  created_at timestamptz NOT NULL,
  updated_at timestamptz NOT NULL,
  expires_at timestamptz NOT NULL
);

-- DDL for public.organization_members
CREATE TABLE public.organization_members
(
  id uuid NOT NULL,
  organization_id uuid NOT NULL,
  role organization_role NOT NULL,
  joined_at timestamptz,
  user_id uuid NOT NULL
);

-- DDL for public.organizations
CREATE TABLE public.organizations
(
  id uuid NOT NULL,
  name text NOT NULL,
  slug text NOT NULL,
  description text,
  settings jsonb,
  created_at timestamptz,
  updated_at timestamptz,
  is_paid bool,
  subscription_status text,
  stripe_customer_id text,
  subscription_id text,
  current_period_end timestamptz
);

-- DDL for public.profiles
CREATE TABLE public.profiles
(
  id uuid NOT NULL,
  email text NOT NULL,
  first_name text,
  last_name text,
  created_at timestamptz NOT NULL,
  updated_at timestamptz NOT NULL
);

-- DDL for public.rate_limits
CREATE TABLE public.rate_limits
(
  id uuid NOT NULL,
  user_id uuid,
  endpoint text NOT NULL,
  request_count int4,
  window_start timestamptz,
  created_at timestamptz
);

-- DDL for public.subscription_plans
CREATE TABLE public.subscription_plans
(
  id uuid NOT NULL,
  name text NOT NULL,
  price_per_year numeric NOT NULL,
  max_members_per_org int4 NOT NULL,
  features jsonb NOT NULL,
  created_at timestamptz NOT NULL,
  updated_at timestamptz NOT NULL,
  max_organizations_per_user int4 NOT NULL
);

-- DDL for public.upgrade_intents
CREATE TABLE public.upgrade_intents
(
  id uuid NOT NULL,
  user_id uuid NOT NULL,
  action text NOT NULL,
  organization_id uuid,
  organization_name text,
  organization_description text,
  invite_email text,
  invite_role organization_role,
  stripe_session_id text,
  completed bool NOT NULL,
  completed_at timestamptz,
  created_at timestamptz NOT NULL,
  expires_at timestamptz NOT NULL
);

-- DDL for public.user_subscriptions
CREATE TABLE public.user_subscriptions
(
  id uuid NOT NULL,
  user_id uuid NOT NULL,
  plan_id uuid NOT NULL,
  status subscription_status NOT NULL,
  stripe_subscription_id text,
  stripe_customer_id text,
  current_period_end timestamptz,
  created_at timestamptz NOT NULL,
  updated_at timestamptz NOT NULL,
  manual_override bool NOT NULL
);

-- TABLE DATA
-- Data for public.admin_operations_log
INSERT INTO public.admin_operations_log (id, admin_id, operation_type, target_email, details, created_at) VALUES
('603cd938-81e1-49be-bb30-a191552139d3', 'fbb1c078-3cd0-4e64-8300-7d9e407c283a', 'list_users', 'paracras@outlook.com', '{"action":"viewed user list","user_count":4}'::jsonb, '2025-06-15T22:28:14.14287+00:00'),
('3bb987a5-4908-4030-8ac6-6b2abaacbfee', 'fbb1c078-3cd0-4e64-8300-7d9e407c283a', 'list_users', 'paracras@outlook.com', '{"action":"viewed user list","user_count":4}'::jsonb, '2025-06-15T22:28:34.546667+00:00'),
('53858565-8c5a-4739-8c8e-eafc9e2db5a5', 'fbb1c078-3cd0-4e64-8300-7d9e407c283a', 'list_users', 'paracras@outlook.com', '{"action":"viewed user list","user_count":4}'::jsonb, '2025-06-15T22:28:34.610606+00:00'),
('b0215c91-9353-4ef8-afba-433dd95c3586', '31f658a4-fdc7-44cb-aa31-c1eb69a07deb', 'list_users', 'sid.demiraj@outlook.com', '{"action":"viewed user list","user_count":4}'::jsonb, '2025-06-15T22:28:45.593438+00:00'),
('2b29107c-5664-442a-b6a7-94c170b68ad4', '31f658a4-fdc7-44cb-aa31-c1eb69a07deb', 'list_users', 'sid.demiraj@outlook.com', '{"action":"viewed user list","user_count":4}'::jsonb, '2025-06-15T22:29:05.963198+00:00'),
('532df9b9-bab6-45ec-aa84-c1a1ecb12281', '31f658a4-fdc7-44cb-aa31-c1eb69a07deb', 'list_users', 'sid.demiraj@outlook.com', '{"action":"viewed user list","user_count":4}'::jsonb, '2025-06-15T22:29:05.974273+00:00'),
('e4077ca0-25e7-46ae-9866-b32299aaf86c', '31f658a4-fdc7-44cb-aa31-c1eb69a07deb', 'list_users', 'sid.demiraj@outlook.com', '{"action":"viewed user list","user_count":4}'::jsonb, '2025-06-15T22:29:59.37237+00:00'),
('ae30fc4d-ddcc-4ea7-96d3-280cb5ba5875', 'fbb1c078-3cd0-4e64-8300-7d9e407c283a', 'list_users', 'paracras@outlook.com', '{"action":"viewed user list","user_count":4}'::jsonb, '2025-06-16T00:38:01.914419+00:00'),
('8f75ca28-3099-4664-992c-d024c0da6cb9', 'fbb1c078-3cd0-4e64-8300-7d9e407c283a', 'list_users', 'paracras@outlook.com', '{"action":"viewed user list","user_count":4}'::jsonb, '2025-06-16T00:38:16.770601+00:00'),
('6ce19c61-5cbc-4eb9-a143-adb2d3bda002', 'fbb1c078-3cd0-4e64-8300-7d9e407c283a', 'list_users', 'paracras@outlook.com', '{"action":"viewed user list","user_count":4}'::jsonb, '2025-06-16T00:38:44.288353+00:00'),
('a66c2d40-e76d-4ba3-80b9-0bfff081dcaa', 'fbb1c078-3cd0-4e64-8300-7d9e407c283a', 'list_users', 'paracras@outlook.com', '{"action":"viewed user list","user_count":4}'::jsonb, '2025-06-16T00:40:52.235026+00:00'),
('9391dc8c-76c3-40b2-bcf2-56b6dced1e1f', 'fbb1c078-3cd0-4e64-8300-7d9e407c283a', 'list_users', 'paracras@outlook.com', '{"action":"viewed user list","user_count":4}'::jsonb, '2025-06-16T00:40:53.362+00:00'),
('4b7d47ea-e02f-4abc-b063-88666c18b182', 'fbb1c078-3cd0-4e64-8300-7d9e407c283a', 'list_users', 'paracras@outlook.com', '{"action":"viewed user list","user_count":4}'::jsonb, '2025-06-16T00:40:58.588894+00:00'),
('a9478f2b-88aa-4265-afed-67a668c25ac7', 'fbb1c078-3cd0-4e64-8300-7d9e407c283a', 'list_users', 'paracras@outlook.com', '{"action":"viewed user list","user_count":4}'::jsonb, '2025-06-16T00:41:24.775873+00:00'),
('a34628f7-7a28-4a2d-87f2-00664ef7066a', 'fbb1c078-3cd0-4e64-8300-7d9e407c283a', 'list_users', 'paracras@outlook.com', '{"action":"viewed user list","user_count":4}'::jsonb, '2025-06-16T00:41:33.944647+00:00'),
('55266355-e677-4646-aed6-8267cfd5590d', '31f658a4-fdc7-44cb-aa31-c1eb69a07deb', 'list_users', 'sid.demiraj@outlook.com', '{"action":"viewed user list","user_count":4}'::jsonb, '2025-06-16T08:41:57.963828+00:00'),
('2d635fd5-b498-4b50-afb3-5f083a002c51', 'fbb1c078-3cd0-4e64-8300-7d9e407c283a', 'list_users', 'paracras@outlook.com', '{"action":"viewed user list","user_count":4}'::jsonb, '2025-06-16T08:42:15.912195+00:00'),
('f72dd3dc-4b9e-48fc-9f19-b07a093c9ff6', '31f658a4-fdc7-44cb-aa31-c1eb69a07deb', 'list_users', 'sid.demiraj@outlook.com', '{"action":"viewed user list","user_count":4}'::jsonb, '2025-06-16T08:42:38.993471+00:00'),
('93fe2e33-a511-4ef9-b2ba-799feab5e116', '31f658a4-fdc7-44cb-aa31-c1eb69a07deb', 'list_users', 'sid.demiraj@outlook.com', '{"action":"viewed user list","user_count":4}'::jsonb, '2025-06-16T08:45:08.763885+00:00'),
('baa89b6f-d418-48be-9064-1d48accd3d2a', '31f658a4-fdc7-44cb-aa31-c1eb69a07deb', 'list_users', 'sid.demiraj@outlook.com', '{"action":"viewed user list","user_count":4}'::jsonb, '2025-06-16T08:45:08.770484+00:00'),
('3a7276a9-a40e-45d6-abc8-6b389cdc8ac6', '31f658a4-fdc7-44cb-aa31-c1eb69a07deb', 'list_users', 'sid.demiraj@outlook.com', '{"action":"viewed user list","user_count":4}'::jsonb, '2025-06-16T08:45:13.829845+00:00'),
('2c5262f8-7d96-4933-a042-26cf4d51aa13', '31f658a4-fdc7-44cb-aa31-c1eb69a07deb', 'list_users', 'sid.demiraj@outlook.com', '{"action":"viewed user list","user_count":4}'::jsonb, '2025-06-16T08:45:19.950919+00:00'),
('e66a9553-333b-4b39-b6f9-9cb64aa03aa7', '31f658a4-fdc7-44cb-aa31-c1eb69a07deb', 'list_users', 'sid.demiraj@outlook.com', '{"action":"viewed user list","user_count":4}'::jsonb, '2025-06-16T08:45:33.209548+00:00'),
('6af2e264-42e5-4b4f-92ce-f2673860845a', '31f658a4-fdc7-44cb-aa31-c1eb69a07deb', 'list_users', 'sid.demiraj@outlook.com', '{"action":"viewed user list","user_count":4}'::jsonb, '2025-06-16T08:45:59.047619+00:00'),
('c8e14b6a-4fc9-4188-ac49-6b373d0f4564', '31f658a4-fdc7-44cb-aa31-c1eb69a07deb', 'list_users', 'sid.demiraj@outlook.com', '{"action":"viewed user list","user_count":4}'::jsonb, '2025-06-16T08:46:07.958867+00:00'),
('22f09aca-8405-4d7f-8b3c-35212f77734f', '31f658a4-fdc7-44cb-aa31-c1eb69a07deb', 'list_users', 'sid.demiraj@outlook.com', '{"action":"viewed user list","user_count":4}'::jsonb, '2025-06-16T08:50:10.30143+00:00'),
('8eac47f3-82cb-45f3-9bf0-ad1ecd4b2fd2', '31f658a4-fdc7-44cb-aa31-c1eb69a07deb', 'list_users', 'sid.demiraj@outlook.com', '{"action":"viewed user list","user_count":4}'::jsonb, '2025-06-16T08:50:22.663102+00:00'),
('4a0cd2c5-cb61-49df-a492-77da6d0e25eb', '31f658a4-fdc7-44cb-aa31-c1eb69a07deb', 'list_users', 'sid.demiraj@outlook.com', '{"action":"viewed user list","user_count":4}'::jsonb, '2025-06-16T08:50:24.639345+00:00'),
('b3a01b56-b85b-454e-8850-88c2d57d235b', '31f658a4-fdc7-44cb-aa31-c1eb69a07deb', 'list_users', 'sid.demiraj@outlook.com', '{"action":"viewed user list","user_count":4}'::jsonb, '2025-06-16T08:50:24.677741+00:00'),
('8c10ca1f-4cbb-4348-b425-52f97dd640e6', '31f658a4-fdc7-44cb-aa31-c1eb69a07deb', 'list_users', 'sid.demiraj@outlook.com', '{"action":"viewed user list","user_count":4}'::jsonb, '2025-06-16T08:50:28.769837+00:00'),
('cb95513c-b718-4b87-a93b-5e33f1e29426', '31f658a4-fdc7-44cb-aa31-c1eb69a07deb', 'list_users', 'sid.demiraj@outlook.com', '{"action":"viewed user list","user_count":4}'::jsonb, '2025-06-16T08:50:38.763694+00:00'),
('e352c899-c393-48a5-969a-1528bd061cab', '31f658a4-fdc7-44cb-aa31-c1eb69a07deb', 'list_users', 'sid.demiraj@outlook.com', '{"action":"viewed user list","user_count":4}'::jsonb, '2025-06-16T08:50:38.779163+00:00'),
('b1c55233-9844-4611-9081-717a45bb4aca', '31f658a4-fdc7-44cb-aa31-c1eb69a07deb', 'list_users', 'sid.demiraj@outlook.com', '{"action":"viewed user list","user_count":4}'::jsonb, '2025-06-16T08:50:38.891696+00:00'),
('abfdbdab-c953-477f-8c82-fb6b71e4dbf1', '31f658a4-fdc7-44cb-aa31-c1eb69a07deb', 'list_users', 'sid.demiraj@outlook.com', '{"action":"viewed user list","user_count":4}'::jsonb, '2025-06-16T08:50:43.948282+00:00'),
('e00813a4-9eee-4b92-9d55-57e4caeef929', '31f658a4-fdc7-44cb-aa31-c1eb69a07deb', 'list_users', 'sid.demiraj@outlook.com', '{"action":"viewed user list","user_count":4}'::jsonb, '2025-06-16T08:50:44.020035+00:00'),
('cb3c4acf-d809-4b44-b7a4-06bc956d6bf8', '31f658a4-fdc7-44cb-aa31-c1eb69a07deb', 'list_users', 'sid.demiraj@outlook.com', '{"action":"viewed user list","user_count":4}'::jsonb, '2025-06-16T08:50:49.947683+00:00'),
('b311b77c-4a77-4a19-83c2-86919563e653', '31f658a4-fdc7-44cb-aa31-c1eb69a07deb', 'list_users', 'sid.demiraj@outlook.com', '{"action":"viewed user list","user_count":4}'::jsonb, '2025-06-16T08:50:57.812008+00:00'),
('0c4fe365-40f8-44dd-8225-3838c113c9ca', '31f658a4-fdc7-44cb-aa31-c1eb69a07deb', 'list_users', 'sid.demiraj@outlook.com', '{"action":"viewed user list","user_count":4}'::jsonb, '2025-06-16T08:50:57.846802+00:00'),
('d009248f-2d62-44ad-8219-6e568339252d', '31f658a4-fdc7-44cb-aa31-c1eb69a07deb', 'list_users', 'sid.demiraj@outlook.com', '{"action":"viewed user list","user_count":4}'::jsonb, '2025-06-16T08:50:58.140512+00:00'),
('a19c79d2-e5e6-4224-8126-d1c5cd5c0f76', '31f658a4-fdc7-44cb-aa31-c1eb69a07deb', 'list_users', 'sid.demiraj@outlook.com', '{"action":"viewed user list","user_count":4}'::jsonb, '2025-06-16T08:51:46.09026+00:00'),
('654ecd4f-e1c3-4cbc-bc6d-6ee9b96d712e', '31f658a4-fdc7-44cb-aa31-c1eb69a07deb', 'list_users', 'sid.demiraj@outlook.com', '{"action":"viewed user list","user_count":4}'::jsonb, '2025-06-16T08:51:46.128763+00:00'),
('39e4f2f7-5874-4df9-8529-eae36b719dc5', '31f658a4-fdc7-44cb-aa31-c1eb69a07deb', 'list_users', 'sid.demiraj@outlook.com', '{"action":"viewed user list","user_count":4}'::jsonb, '2025-06-16T08:51:51.933685+00:00'),
('eaf757e8-a536-4a5e-8a0d-88b3bcc03358', '31f658a4-fdc7-44cb-aa31-c1eb69a07deb', 'list_users', 'sid.demiraj@outlook.com', '{"action":"viewed user list","user_count":4}'::jsonb, '2025-06-16T08:51:52.007962+00:00'),
('6d884875-7613-4ca1-aee3-e793e0769123', '31f658a4-fdc7-44cb-aa31-c1eb69a07deb', 'list_users', 'sid.demiraj@outlook.com', '{"action":"viewed user list","user_count":4}'::jsonb, '2025-06-16T08:51:52.204591+00:00'),
('48db6a6b-b083-4b0d-9d4a-268cc153407e', '31f658a4-fdc7-44cb-aa31-c1eb69a07deb', 'list_users', 'sid.demiraj@outlook.com', '{"action":"viewed user list","user_count":4}'::jsonb, '2025-06-16T08:51:53.697921+00:00'),
('7f3892da-954e-4e90-8030-d323f68f2438', '31f658a4-fdc7-44cb-aa31-c1eb69a07deb', 'list_users', 'sid.demiraj@outlook.com', '{"action":"viewed user list","user_count":4}'::jsonb, '2025-06-16T08:51:53.83892+00:00'),
('a68d35d2-6221-4a6a-881b-68e9c4b94f4a', '31f658a4-fdc7-44cb-aa31-c1eb69a07deb', 'list_users', 'sid.demiraj@outlook.com', '{"action":"viewed user list","user_count":4}'::jsonb, '2025-06-16T08:51:53.936992+00:00'),
('bbd21a76-21dd-487d-b2a6-49697d3b7f33', '31f658a4-fdc7-44cb-aa31-c1eb69a07deb', 'list_users', 'sid.demiraj@outlook.com', '{"action":"viewed user list","user_count":4}'::jsonb, '2025-06-16T08:52:34.524779+00:00'),
('96082cc8-d863-4392-8362-00090b8ce0a9', '31f658a4-fdc7-44cb-aa31-c1eb69a07deb', 'remove_user_from_org', 'paracras@outlook.com', '{"removed_by":"sid.demiraj@outlook.com","organization_id":"fa5e05bc-5431-4e3f-a2be-6c00714c508c","removed_user_id":"fbb1c078-3cd0-4e64-8300-7d9e407c283a"}'::jsonb, '2025-06-16T08:52:40.576808+00:00'),
('a8cd7290-6f86-436a-b03d-e9e26e745c43', '31f658a4-fdc7-44cb-aa31-c1eb69a07deb', 'list_users', 'sid.demiraj@outlook.com', '{"action":"viewed user list","user_count":4}'::jsonb, '2025-06-16T08:52:41.125791+00:00'),
('2766fa7c-e5dd-4624-a133-9a39784aeca0', '31f658a4-fdc7-44cb-aa31-c1eb69a07deb', 'list_users', 'sid.demiraj@outlook.com', '{"action":"viewed user list","user_count":4}'::jsonb, '2025-06-16T08:52:41.718304+00:00'),
('254f15e0-945b-452f-abf5-0eb7b28912b3', '31f658a4-fdc7-44cb-aa31-c1eb69a07deb', 'list_users', 'sid.demiraj@outlook.com', '{"action":"viewed user list","user_count":4}'::jsonb, '2025-06-16T08:53:44.419443+00:00'),
('528f48f4-782d-4736-a262-d14f7eea9941', 'fbb1c078-3cd0-4e64-8300-7d9e407c283a', 'list_users', 'paracras@outlook.com', '{"action":"viewed user list","user_count":4}'::jsonb, '2025-06-16T09:00:22.203032+00:00'),
('ef382bea-4a17-43a6-a642-9a61d2725eaf', 'fbb1c078-3cd0-4e64-8300-7d9e407c283a', 'remove_user_from_org', 'sid.demiraj@outlook.com', '{"removed_by":"paracras@outlook.com","organization_id":"13043f77-f9ab-4af3-bc65-ece3b1a7fb0e","removed_user_id":"31f658a4-fdc7-44cb-aa31-c1eb69a07deb"}'::jsonb, '2025-06-16T09:00:29.587103+00:00'),
('0b64380d-e91b-47cb-953f-d1a7beb87014', 'fbb1c078-3cd0-4e64-8300-7d9e407c283a', 'list_users', 'paracras@outlook.com', '{"action":"viewed user list","user_count":4}'::jsonb, '2025-06-16T09:00:30.241862+00:00'),
('df71a791-a35f-4f53-865a-022d9599ad05', 'fbb1c078-3cd0-4e64-8300-7d9e407c283a', 'list_users', 'paracras@outlook.com', '{"action":"viewed user list","user_count":4}'::jsonb, '2025-06-16T09:00:31.157626+00:00'),
('0604f5f0-3889-47d3-a4af-fbf397dfa17a', '3d948ad2-4a56-4a2c-a4df-1c9d532e5010', 'profile_created', 'sidrit.paracras@gmail.com', '{"method":"trigger","timestamp":"2025-06-20T09:39:29.151444+00:00"}'::jsonb, '2025-06-20T09:39:29.151444+00:00'),
('a3419dc3-a03e-4be2-989c-2fe6f42edd7f', '766a41b0-2603-4ba9-b258-d18f899b9768', 'list_users', 'joseph@jptgroup.co.uk', '{"action":"viewed user list","user_count":5}'::jsonb, '2025-06-21T20:33:58.277117+00:00'),
('e6e39fc8-5c52-41c0-b114-fa18a19d4c97', '65c26636-7f75-4af8-93cd-78b28b77789c', 'profile_created', 'express.gross@gmail.com', '{"method":"trigger","timestamp":"2025-06-21T20:34:13.490256+00:00"}'::jsonb, '2025-06-21T20:34:13.490256+00:00'),
('8e467f50-8ee9-47a2-ae3a-d5ee475af7b7', '766a41b0-2603-4ba9-b258-d18f899b9768', 'list_users', 'joseph@jptgroup.co.uk', '{"action":"viewed user list","user_count":6}'::jsonb, '2025-06-22T21:24:05.224321+00:00'),
('8d7c00ee-b2fd-4aaf-a1df-7946a185fca5', 'fbb1c078-3cd0-4e64-8300-7d9e407c283a', 'list_users', 'paracras@outlook.com', '{"action":"viewed user list","user_count":6}'::jsonb, '2025-06-29T18:48:58.546368+00:00'),
('907f3ac7-2186-411a-ba1e-034533c27f56', '3a7a4057-e75a-4b7a-923e-d3014c5c13e9', 'profile_created', 'sidritsdemiraj@gmail.com', '{"method":"trigger","timestamp":"2025-06-29T19:12:03.717664+00:00"}'::jsonb, '2025-06-29T19:12:03.717664+00:00'),
('d214c9a4-b701-4f16-8be4-ffe3f62a00f7', '766a41b0-2603-4ba9-b258-d18f899b9768', 'list_users', 'joseph@jptgroup.co.uk', '{"action":"viewed user list","user_count":7}'::jsonb, '2025-07-02T20:25:00.498773+00:00'),
('f367087d-642f-4acc-a69d-13c37673e71c', '766a41b0-2603-4ba9-b258-d18f899b9768', 'remove_user_from_org', 'express.gross@gmail.com', '{"admin_role":"owner","removed_by":"joseph@jptgroup.co.uk","target_role":"member","organization_id":"86a3478f-b94f-4963-b610-c623df262637","removed_user_id":"65c26636-7f75-4af8-93cd-78b28b77789c"}'::jsonb, '2025-07-02T20:38:48.178272+00:00'),
('25ba9be0-54e1-4e63-841c-a46304166770', '5bfd354a-531c-4323-b6b6-0c4d202b7094', 'profile_created', 'david@jptgroup.co.uk', '{"method":"trigger","timestamp":"2025-07-08T13:05:12.325024+00:00"}'::jsonb, '2025-07-08T13:05:12.325024+00:00'),
('9a4086f8-fb92-4f5c-b50f-dc64205e6135', '766a41b0-2603-4ba9-b258-d18f899b9768', 'remove_user_from_org', 'info@jptgroup.co.uk', '{"admin_role":"owner","removed_by":"joseph@jptgroup.co.uk","target_role":"member","organization_id":"86a3478f-b94f-4963-b610-c623df262637","removed_user_id":"4350e472-57e1-4431-a2cb-fe33bdb3eef0"}'::jsonb, '2025-07-11T02:12:20.582423+00:00'),
('6bb6343c-0024-4947-b3cd-60ad1ace37b5', 'abf297bb-f4b6-4417-9c47-51ccbcb56c93', 'profile_created', 'sales@fluidtrack.in', '{"method":"trigger","timestamp":"2025-07-16T09:08:48.77346+00:00"}'::jsonb, '2025-07-16T09:08:48.77346+00:00'),
('a3090713-f99f-4af0-99fc-e9fe65460199', '73e329c5-114d-4af3-919c-08e076ff7261', 'profile_created', 'doxapi7807@misehub.com', '{"method":"trigger","timestamp":"2025-08-01T14:17:32.847876+00:00"}'::jsonb, '2025-08-01T14:17:32.847876+00:00'),
('5c2943b8-9501-4feb-a7d0-ad9fbdc74dcd', '120bba5b-7f5e-44db-b465-dc67b667b5d9', 'profile_created', 'info@kezservices.co.uk', '{"method":"trigger","timestamp":"2025-08-03T16:53:43.143221+00:00"}'::jsonb, '2025-08-03T16:53:43.143221+00:00');

-- No data found for public.contact_submissions

-- Data for public.csrf_tokens
INSERT INTO public.csrf_tokens (id, user_id, token, created_at, expires_at, used) VALUES
('6afeb414-6db6-4c91-80f4-0e887027f8d2', '766a41b0-2603-4ba9-b258-d18f899b9768', 'c102f915192b83fac6664913fec85767db100e56b5909bdfd7dd9e77a1ead6af', '2025-05-05T18:46:05.754774+00:00', '2025-05-06T18:46:05.754774+00:00', false),
('a560bc7e-a462-49fd-9373-375154cef813', '766a41b0-2603-4ba9-b258-d18f899b9768', '53619410ee5a5ef9c590e5f47371cb57c0e4fd4c568609bdf872c7cbd148b0cd', '2025-05-05T18:47:22.1243+00:00', '2025-05-06T18:47:22.1243+00:00', false),
('da92a085-57ab-48bb-966f-2c19413febeb', '766a41b0-2603-4ba9-b258-d18f899b9768', '18daf9c94b4186ead08045c712b7c64804a7983f738be08d0ceef59b911ae6ed', '2025-05-05T18:47:24.159966+00:00', '2025-05-06T18:47:24.159966+00:00', false),
('7fe22552-d51b-4923-a4c1-2f4641c4d117', '766a41b0-2603-4ba9-b258-d18f899b9768', '4b80e7749b21c1b4a76a545a7970cec25d7b032ec89330313cded92c359b3d8a', '2025-05-05T18:47:43.070651+00:00', '2025-05-06T18:47:43.070651+00:00', false),
('a5ff9455-8c16-49ed-bff3-4e2d2fa8ac8f', '766a41b0-2603-4ba9-b258-d18f899b9768', '5b7fec3fecc016328be15098de05e689732ece42b4a37034a6836370e489dc00', '2025-05-05T18:52:18.30305+00:00', '2025-05-06T18:52:18.30305+00:00', false),
('f521dee8-8ee0-434c-8f07-9a27ed97b560', '766a41b0-2603-4ba9-b258-d18f899b9768', '233b51c3e02ae1f063886e43916052792b0f9f29f545e648e214bf447bdf3360', '2025-05-05T18:57:54.905879+00:00', '2025-05-06T18:57:54.905879+00:00', false),
('4cd0fcd2-2f59-4b50-b925-f27a2631235a', '766a41b0-2603-4ba9-b258-d18f899b9768', '31b8ac34f57b1e2da0d2b7ca80cef27e163e790199c3bb19e1918744c721c7f7', '2025-05-05T18:58:00.624785+00:00', '2025-05-06T18:58:00.624785+00:00', false),
('ed123301-07da-49a0-b66b-7ba8f2edead4', '766a41b0-2603-4ba9-b258-d18f899b9768', '15d3dd2100daa348929b04e065aac3d9d7f8098c9709a05f8a0a591302a58795', '2025-05-05T18:58:03.540216+00:00', '2025-05-06T18:58:03.540216+00:00', false),
('123c6cd0-f65c-4b60-84a8-f736569ed40c', '766a41b0-2603-4ba9-b258-d18f899b9768', '3d0d706d5aa5ae5a7433e54aae4bf03c4328a7da570c2aea30597d9030a70e8a', '2025-05-05T18:58:17.691614+00:00', '2025-05-06T18:58:17.691614+00:00', false),
('4e89bef6-97e5-441f-9cc1-2eb04181896a', '766a41b0-2603-4ba9-b258-d18f899b9768', '34558b070d912eefb18506b565cbf76fc8cf1fa8678208427df92cbe42d77525', '2025-05-05T18:58:29.694704+00:00', '2025-05-06T18:58:29.694704+00:00', false),
('f51c684d-f57a-4d50-9021-2691888117c7', '766a41b0-2603-4ba9-b258-d18f899b9768', '5634d43a24e731d2477f67c6a6a508f450094003e3300329e860422d379da38c', '2025-05-05T19:04:18.675994+00:00', '2025-05-06T19:04:18.675994+00:00', false),
('bb2ee6d6-225b-45b1-84c9-3e2e20ec3a89', '766a41b0-2603-4ba9-b258-d18f899b9768', '65007b468bbd6b51f4c5f4b49762a9f1151065d46c2c0c6e2e8c72ad14a35a1d', '2025-05-05T19:06:37.487556+00:00', '2025-05-06T19:06:37.487556+00:00', false),
('9ce9d686-aaa1-4585-8856-889e27180c22', '766a41b0-2603-4ba9-b258-d18f899b9768', '8831a61d06128c23917dc35c4bece827ce7cfc7b5464c9a017fdb366dc9866e2', '2025-05-05T19:11:16.896235+00:00', '2025-05-06T19:11:16.896235+00:00', false),
('42b693a2-f3da-4c7f-9976-f44b1d813f30', 'fbb1c078-3cd0-4e64-8300-7d9e407c283a', '3899ecc25149ac174a57571d1b87dd7f4e3dd89aa36dc16f089dfaaaf87bc39c', '2025-05-05T13:07:26.98816+00:00', '2025-05-06T13:07:26.98816+00:00', true),
('5398d7c7-eabe-4710-94e8-fae93f0b20da', 'fbb1c078-3cd0-4e64-8300-7d9e407c283a', '920618280f93bf2204a0c990414bc4847aaba817177dc7e07b8aab6d13a9192b', '2025-05-05T13:13:29.260073+00:00', '2025-05-06T13:13:29.260073+00:00', true),
('b03cc864-8fea-4bd0-909b-51fcef5f811d', 'fbb1c078-3cd0-4e64-8300-7d9e407c283a', '510808d208974ebb18bb67105585d15b487898bf02ea39b91fd2e4c529bf0fc3', '2025-05-05T13:13:40.156243+00:00', '2025-05-06T13:13:40.156243+00:00', true),
('cd42c4e4-246e-4f31-a6e4-db2aac00a553', 'fbb1c078-3cd0-4e64-8300-7d9e407c283a', '1af8fd35a9344f615d209127f4c068f8e5fb914511fed81419bdcadf98d230a9', '2025-05-05T13:13:40.866658+00:00', '2025-05-06T13:13:40.866658+00:00', true),
('2752e150-c636-40f3-af80-3df804d4245e', 'fbb1c078-3cd0-4e64-8300-7d9e407c283a', '2a65893a3937faaf49fa67da5d2f764ec992b47b1da9444ee1989bc39e4bddcf', '2025-05-05T16:23:59.988545+00:00', '2025-05-06T16:23:59.988545+00:00', true),
('7c842a06-1f69-4825-9448-b9946f597488', 'fbb1c078-3cd0-4e64-8300-7d9e407c283a', '5f8524759ad8db8f12d4a9aa345b705d22bb74ba9ce8c3582deb10a34e6aa0e2', '2025-05-11T12:06:40.518478+00:00', '2025-05-12T12:06:40.518478+00:00', true),
('38579ff1-6896-4773-a9c7-f193b0147bf3', 'fbb1c078-3cd0-4e64-8300-7d9e407c283a', '3f8ae864ea0d8877748755e426fe33380b2198198fc6a1f656f579dc1ad3df00', '2025-05-11T12:06:41.981204+00:00', '2025-05-12T12:06:41.981204+00:00', true),
('546b7dcf-6e7c-4f96-804e-a98e43bd69eb', 'fbb1c078-3cd0-4e64-8300-7d9e407c283a', '0a1f882a2564e62c02eb64868634e29f6214a5506effeec84a169d66d6f9ca34', '2025-05-05T13:09:30.715123+00:00', '2025-05-06T13:09:30.715123+00:00', true),
('c1e2123d-0a46-4965-b274-badfa6c73a85', 'fbb1c078-3cd0-4e64-8300-7d9e407c283a', 'a8e90a44ea5f02682a2b911e191748d7aa3dd9161b0901d89bb9f419c1d194cf', '2025-05-05T13:10:01.014759+00:00', '2025-05-06T13:10:01.014759+00:00', true),
('0b657386-2387-4776-8abb-0b59264e8808', 'fbb1c078-3cd0-4e64-8300-7d9e407c283a', '4052b9827f49628d5918728b03557a61b70ce7d5b7ce51413dac5d1bfad9f050', '2025-05-05T13:10:05.355683+00:00', '2025-05-06T13:10:05.355683+00:00', true),
('8fb85a39-ec9d-4550-834a-8ca0d3d4797f', 'fbb1c078-3cd0-4e64-8300-7d9e407c283a', '8513564fbd497ea91905b1e81777e80d912b139c9f3e1d3ef20bbce65f9e07b3', '2025-05-05T13:10:17.63452+00:00', '2025-05-06T13:10:17.63452+00:00', true),
('fcdcf6b6-991b-41f6-a936-a0fc26f14a70', 'fbb1c078-3cd0-4e64-8300-7d9e407c283a', '1e2d6d0efd4fb47b1173ff27cd7126c903db5ecad49bea49a7e39d8da5d2a0b5', '2025-05-05T13:13:38.06783+00:00', '2025-05-06T13:13:38.06783+00:00', true),
('487975ad-5ebb-44bb-a3a1-acc21294870b', 'fbb1c078-3cd0-4e64-8300-7d9e407c283a', '356db1490009a7f6924599fa4c6f412ace3d0a3b855d6671f95f5eadd2276836', '2025-05-05T13:13:49.495784+00:00', '2025-05-06T13:13:49.495784+00:00', true),
('44dfe9a9-8d3a-4a4f-8021-56e2777fc41a', 'fbb1c078-3cd0-4e64-8300-7d9e407c283a', '7443f040f093efa25e40e79864eb1994e36f5fa838b595e6abaa7ae9eba32d19', '2025-05-04T20:39:51.178464+00:00', '2025-05-05T20:39:51.178464+00:00', true),
('47d4326e-d61e-4320-b08c-8ee356790032', 'fbb1c078-3cd0-4e64-8300-7d9e407c283a', 'be2973ffa7bd25ea44eb605b5303bb258172f28f7be699d958b25c271e8ad79e', '2025-05-04T20:39:51.203699+00:00', '2025-05-05T20:39:51.203699+00:00', true),
('3843d549-26b0-49b2-97c3-767309eecdba', 'fbb1c078-3cd0-4e64-8300-7d9e407c283a', '420ba6de83065e9064a93275ea513847d121c6cddc289e3ba8c8f312bc5ec381', '2025-05-04T20:39:53.574674+00:00', '2025-05-05T20:39:53.574674+00:00', true),
('cafcd023-4b39-4e4a-b0fe-08d513918670', 'fbb1c078-3cd0-4e64-8300-7d9e407c283a', 'f9152a027c36e40cf4a0354b5d429ae534ef711da76c8b58957ad02a5febc1d1', '2025-05-04T20:39:57.179819+00:00', '2025-05-05T20:39:57.179819+00:00', true),
('fec42133-78cc-4319-8cbe-3b903180ae0c', 'fbb1c078-3cd0-4e64-8300-7d9e407c283a', 'd4157042e79f481c589b82823cfa6ce8f75029e9984b7769d629c75e3de62ee0', '2025-05-04T20:39:58.777726+00:00', '2025-05-05T20:39:58.777726+00:00', true),
('2759b877-20fe-4720-8baf-84107d6e741e', 'fbb1c078-3cd0-4e64-8300-7d9e407c283a', '0c5fb7af47825797dbcb9508ad01202a3a456ea2b8a147c822fbf1e57282045d', '2025-05-04T20:40:05.262707+00:00', '2025-05-05T20:40:05.262707+00:00', true),
('36f51c53-34fe-4b4e-9dc0-a4023080a7e2', 'fbb1c078-3cd0-4e64-8300-7d9e407c283a', '80525d3bc7f6770329a754ab91da8c9b4e37664118d4b9438e9ad4ab81c33513', '2025-05-04T20:40:34.028336+00:00', '2025-05-05T20:40:34.028336+00:00', true),
('81bec551-669c-48cd-9d05-98dc8125e687', 'fbb1c078-3cd0-4e64-8300-7d9e407c283a', 'e9adf79e34e63f1257466b804fe9a0ee54547ed24fbf1ee3449ad40b9e46f1fa', '2025-05-04T20:40:36.196484+00:00', '2025-05-05T20:40:36.196484+00:00', true),
('a12b37f9-31a7-46a7-80fd-04c536017055', 'fbb1c078-3cd0-4e64-8300-7d9e407c283a', '9f16bf01630460a37a2e5bbb9f9db49a4b4dc39136a7371aa6622cf85b0e9f3f', '2025-05-04T20:40:38.740835+00:00', '2025-05-05T20:40:38.740835+00:00', true),
('3d44d8d6-be86-4851-8b60-9a390474e8cb', 'fbb1c078-3cd0-4e64-8300-7d9e407c283a', '2c2ada66b3d17d2b3805d25ceb3fe7438c5046b175ad425dacca840380f85c6d', '2025-05-04T20:45:19.560133+00:00', '2025-05-05T20:45:19.560133+00:00', true),
('05da36a1-2747-4fe7-a0dc-210806be18d4', 'fbb1c078-3cd0-4e64-8300-7d9e407c283a', '9ec0f308e01ebca716f7bbc1fd18ad7232061cd986e9f0e890568e2b931a482a', '2025-05-04T20:54:37.564384+00:00', '2025-05-05T20:54:37.564384+00:00', true),
('9e93b022-6af3-4d2e-af5a-5099889b7f4f', 'fbb1c078-3cd0-4e64-8300-7d9e407c283a', '8e07c87842628f2e438abacffe30ce60ee04a748c0d953150ee6543b5ceef7be', '2025-05-04T20:54:40.595524+00:00', '2025-05-05T20:54:40.595524+00:00', true),
('217246b3-ec3f-43b8-9147-0802383f08a0', 'fbb1c078-3cd0-4e64-8300-7d9e407c283a', 'bc4fb2f121b651fef8e5000e4af4508f793718ae13ab4989037d05d428fbd7a7', '2025-05-04T20:54:42.121407+00:00', '2025-05-05T20:54:42.121407+00:00', true),
('20355ab7-a96c-4382-af13-045a30901c5d', 'fbb1c078-3cd0-4e64-8300-7d9e407c283a', 'd92fd4095fc7851447e6b4e54dd1c66441750380b60409bbb5f8ed8404e98954', '2025-05-04T20:54:50.546099+00:00', '2025-05-05T20:54:50.546099+00:00', true),
('ed4368c6-161e-45fe-aabf-42c4fd18b9ff', 'fbb1c078-3cd0-4e64-8300-7d9e407c283a', '53400c9c23c671bb0a58bb844c0c8bdacba5c01b5751d14b7d58b631c846d236', '2025-05-04T21:04:08.026338+00:00', '2025-05-05T21:04:08.026338+00:00', true),
('c75fe949-fc8a-4b6c-9b31-fa6df39308a0', 'fbb1c078-3cd0-4e64-8300-7d9e407c283a', 'f4858e082e7c68560c506a2a2f19c9dccc92596652ff27c7afdfd93dec478ffc', '2025-05-04T21:04:14.54122+00:00', '2025-05-05T21:04:14.54122+00:00', true),
('53a126c6-7160-4722-a96c-c043cb7637d0', 'fbb1c078-3cd0-4e64-8300-7d9e407c283a', 'a3cdcff1cf46dcc9413ec371442f19fb46c666af5a2074c229f1ad1008246c49', '2025-05-04T21:05:12.684182+00:00', '2025-05-05T21:05:12.684182+00:00', true),
('15d4441a-0e40-4d3c-abf1-941683600e60', 'fbb1c078-3cd0-4e64-8300-7d9e407c283a', '29d69c4b30a356ad6e665358d213f877b6e5258fb6ccb6692e10a4e04d12a0e1', '2025-05-04T21:05:23.005274+00:00', '2025-05-05T21:05:23.005274+00:00', true),
('6662ce8c-7bb4-4028-a548-82288b38bcde', 'fbb1c078-3cd0-4e64-8300-7d9e407c283a', 'b855821bb639219720cd517a3b4ff56a6a8978b2c56b1ad362b3ad281ef642f0', '2025-05-04T21:07:00.894219+00:00', '2025-05-05T21:07:00.894219+00:00', true),
('6a1a818c-d8a8-4d85-a28d-8dbb196c4ead', 'fbb1c078-3cd0-4e64-8300-7d9e407c283a', 'f7d77a1eaa6dcc958be153979d82e85d9cb80684465a6e1db841688625051b3e', '2025-05-11T12:11:32.279904+00:00', '2025-05-12T12:11:32.279904+00:00', false),
('e10cb0ee-1bb1-47be-aec1-b15aa5b50493', 'fbb1c078-3cd0-4e64-8300-7d9e407c283a', 'f833cee708d66283782eb0ad9400839af76bf4e0e61474631cdcd403a046551a', '2025-05-11T19:41:30.153257+00:00', '2025-05-12T19:41:30.153257+00:00', false),
('0647709b-f455-4a2b-9298-5a8453e4d200', 'fbb1c078-3cd0-4e64-8300-7d9e407c283a', '3e61b603809f0377ef139a47c2b705e759f62997c1f8ac312ed265bbb426efa6', '2025-05-11T19:57:04.531216+00:00', '2025-05-12T19:57:04.531216+00:00', false),
('3309497d-c25e-4d83-9a03-1d62943bd76e', 'fbb1c078-3cd0-4e64-8300-7d9e407c283a', 'c413f3f9b18169cf884bc98f62924537329a383a807b4aad33c21fb6b284d85c', '2025-05-11T19:59:41.289206+00:00', '2025-05-12T19:59:41.289206+00:00', false),
('c17eb3ad-af7a-499d-96f5-22a76aef2e5f', 'fbb1c078-3cd0-4e64-8300-7d9e407c283a', '082675de4a31793e6428b29ebb9dd8a24af4397bcbfe7c955fcc83a0a08fe0d2', '2025-05-11T20:11:42.144288+00:00', '2025-05-12T20:11:42.144288+00:00', false),
('d4779fa8-1eac-4dbe-91b0-f4f4e816f71d', 'fbb1c078-3cd0-4e64-8300-7d9e407c283a', '5d7137ed19f1d5af32f6daf1c09a7d5c7aa2e987843bc49a28dac8a826fa1733', '2025-05-11T20:23:09.85346+00:00', '2025-05-12T20:23:09.85346+00:00', false),
('92fb6fc6-fb94-4979-9a29-babdd7fa384e', 'fbb1c078-3cd0-4e64-8300-7d9e407c283a', '7770698293ee1e22ff70509528fa7ee43722fbecb1d5af6a127bf5a42ad09f90', '2025-05-11T20:23:14.984973+00:00', '2025-05-12T20:23:14.984973+00:00', false),
('3f417147-4787-4df9-ad64-19524a1d3871', 'fbb1c078-3cd0-4e64-8300-7d9e407c283a', 'd68374926d2addd389e5efef9ff067e140ae71692197ba3cf4d65d52b425a770', '2025-05-11T19:11:18.638919+00:00', '2025-05-12T19:11:18.638919+00:00', false),
('ae318ef9-6dd4-4909-8944-3104c684dc24', 'fbb1c078-3cd0-4e64-8300-7d9e407c283a', '430e7644cd6eda2665e6cb4856c2fc808e855f3fd5830dd987aa301be01017f6', '2025-05-11T19:53:20.422816+00:00', '2025-05-12T19:53:20.422816+00:00', false),
('92e6c22c-fd86-4612-85fd-896a6c1596e3', 'fbb1c078-3cd0-4e64-8300-7d9e407c283a', '071649a7bc5b998e27daf83196d74e271228f68ba459bdbb93c8880968e21c83', '2025-05-11T19:53:59.053667+00:00', '2025-05-12T19:53:59.053667+00:00', false),
('18f0890a-2479-4aeb-abf0-449e3dd5bb13', 'fbb1c078-3cd0-4e64-8300-7d9e407c283a', '6f18d1c3a6ea9d225733a46751194f7067e5b4b836a5a561dd180a648afa165b', '2025-05-11T19:57:06.150723+00:00', '2025-05-12T19:57:06.150723+00:00', false),
('65903430-23a0-4808-b6f5-8d5ee17142b7', 'fbb1c078-3cd0-4e64-8300-7d9e407c283a', '1e6914c18207bcb51e8d64cfb27ebd3a622eaddfb62d51ad69fcc840adf5a09a', '2025-05-11T19:57:11.195814+00:00', '2025-05-12T19:57:11.195814+00:00', false),
('524501ad-5267-4447-a24b-3aed3bdca105', 'fbb1c078-3cd0-4e64-8300-7d9e407c283a', 'f9fb1221b7dcd7d82f8e266356ed8fdaa219f04111521215a256376a97bfe96c', '2025-05-11T19:59:44.446895+00:00', '2025-05-12T19:59:44.446895+00:00', false),
('b5f92931-6ea8-49b6-8389-f889a61b22d2', '766a41b0-2603-4ba9-b258-d18f899b9768', '0543aa3eb0c6b8b25ee229b1ae41b836bc1cfea9c69cd8270ffa53057618520a', '2025-05-05T18:44:05.963681+00:00', '2025-05-06T18:44:05.963681+00:00', false),
('c8eb7a56-5f9e-454f-98c2-3e7f4b5d62b0', '766a41b0-2603-4ba9-b258-d18f899b9768', '3e43ef1b1a5aa03b71a2074a3ac36f1c61544fd8602b19ce38e7206cae3794b2', '2025-05-05T18:46:13.449253+00:00', '2025-05-06T18:46:13.449253+00:00', false),
('5abaa40e-d9e1-4d2a-8313-2449473df8b1', '766a41b0-2603-4ba9-b258-d18f899b9768', 'ef45a3a86058e754662e6b53302408907b566588a148a43d004c581b772ce918', '2025-05-05T18:47:33.944777+00:00', '2025-05-06T18:47:33.944777+00:00', false),
('0f3b255c-403c-4124-a494-897ec3fdeaff', '766a41b0-2603-4ba9-b258-d18f899b9768', '4353b6efed005f6116bffb3487a05da778c0e5fd71e2a952194500ab3e9f4b3c', '2025-05-05T18:49:09.411301+00:00', '2025-05-06T18:49:09.411301+00:00', false),
('888ca98a-dc6f-4144-b4dc-fb3bf079691a', '766a41b0-2603-4ba9-b258-d18f899b9768', 'd6620344ef0d15fd5932e0bf7268641ae8903478640a9b918162036c906a26d6', '2025-05-05T18:52:53.471774+00:00', '2025-05-06T18:52:53.471774+00:00', false),
('fec66a90-ff3e-4948-8175-b69b7206605c', '766a41b0-2603-4ba9-b258-d18f899b9768', 'c1c50aa78874f2bf525fbee67fa63cf54dc647b7d7cf5ed68baec301f9537920', '2025-05-05T18:59:48.661402+00:00', '2025-05-06T18:59:48.661402+00:00', false),
('49d710e7-8402-4d04-bd38-216fdc0bf718', '766a41b0-2603-4ba9-b258-d18f899b9768', 'a2457c4cdd5c0a2f9d089824f328101a039f8a4c82b2adaaab62529358dbadd1', '2025-05-05T19:05:10.268691+00:00', '2025-05-06T19:05:10.268691+00:00', false),
('fb0f7ee9-d1dc-4b71-9331-45c48f93bfe4', '766a41b0-2603-4ba9-b258-d18f899b9768', '1fa78561b7e3535bf8b3495b2f8475adf5d00bf46cc8db1b3cebe94972054987', '2025-05-05T19:05:20.126296+00:00', '2025-05-06T19:05:20.126296+00:00', false),
('a358b31f-e6eb-437d-8f70-30464b05353c', 'fbb1c078-3cd0-4e64-8300-7d9e407c283a', 'a3343bc73bedd45d82260bcfe6e0174bdbb690c546f844b6c7c71e427de3b208', '2025-05-11T19:59:58.826736+00:00', '2025-05-12T19:59:58.826736+00:00', false),
('18833cb8-5d85-43bd-ae65-4edeb237a494', 'fbb1c078-3cd0-4e64-8300-7d9e407c283a', 'aeef56d7708d9741f6f2258e0632f7b026fc31ad25e833c7a0777257978611a9', '2025-05-11T20:00:01.662325+00:00', '2025-05-12T20:00:01.662325+00:00', false),
('b8e75f4c-1113-4291-8fac-87ad4282a979', 'fbb1c078-3cd0-4e64-8300-7d9e407c283a', 'e45082849d55aea73381cc5e40241cabb8e664bf9e4df3a5b97439f9534198d9', '2025-05-11T20:11:47.88124+00:00', '2025-05-12T20:11:47.88124+00:00', false),
('998afe31-db3b-48a5-b4db-4fb1eac861da', 'fbb1c078-3cd0-4e64-8300-7d9e407c283a', 'b57b3beaaaf145841f2854af2db98350f942e360f9a7a6aef6dbcc3e075c7262', '2025-05-11T20:25:30.643821+00:00', '2025-05-12T20:25:30.643821+00:00', false),
('4d46c8a8-aac0-4134-bf15-4e9ce3a6a64b', 'fbb1c078-3cd0-4e64-8300-7d9e407c283a', '6mfak8mdwtcexrr2y1wr9s', '2025-06-15T22:28:13.827017+00:00', '2025-06-16T22:28:14.55+00:00', true),
('93cbf87f-b12e-48f4-9be2-cfb4b56fb758', 'fbb1c078-3cd0-4e64-8300-7d9e407c283a', '5wfm0nfw7685zu6uj55h5', '2025-06-15T22:28:21.061119+00:00', '2025-06-16T22:28:21.816+00:00', false),
('f5a1f063-07b0-4e7c-8466-a3a7fa700352', 'fbb1c078-3cd0-4e64-8300-7d9e407c283a', 'x7mietd6sch8csdz58c55', '2025-06-15T22:28:34.12535+00:00', '2025-06-16T22:28:34.874+00:00', true),
('43b8b340-444d-4b84-95e5-6c5900136560', 'fbb1c078-3cd0-4e64-8300-7d9e407c283a', 'busoev90zbjh6va31o6ms', '2025-06-15T22:28:34.260758+00:00', '2025-06-16T22:28:35.006+00:00', true),
('8efedc1e-5cbe-4f83-bb10-bb5764c1f703', '31f658a4-fdc7-44cb-aa31-c1eb69a07deb', '6x5qimi9q8jcuhfv5hhbmd', '2025-06-15T22:28:45.148722+00:00', '2025-06-16T22:28:45.902+00:00', true),
('4a78f577-d79d-473d-9f79-abf5b0d6958c', '31f658a4-fdc7-44cb-aa31-c1eb69a07deb', 'mxz0bu1jtn2dmqt90cnv6', '2025-06-15T22:29:05.58527+00:00', '2025-06-16T22:29:06.334+00:00', true),
('4d444269-8f21-4717-be2c-7460dc9690df', 'fbb1c078-3cd0-4e64-8300-7d9e407c283a', 'wjljpsa7a6o0znjmx062fvk', '2025-06-15T22:29:38.574453+00:00', '2025-06-16T22:29:39.331+00:00', false),
('96cfb793-4780-46c0-a2fd-994c7ff90289', 'fbb1c078-3cd0-4e64-8300-7d9e407c283a', 'uqm2j0z0zrjjdbo2zq6sja', '2025-06-16T00:38:23.757458+00:00', '2025-06-17T00:38:24.921+00:00', false),
('f343a071-67a3-4474-8428-c96956b255c3', 'fbb1c078-3cd0-4e64-8300-7d9e407c283a', 'y7hog0leksllsdbubl1sn', '2025-06-16T00:40:50.935593+00:00', '2025-06-17T00:40:52.107+00:00', true),
('99c8ab2d-2bbd-4f7f-8e27-2e9e5135938d', 'fbb1c078-3cd0-4e64-8300-7d9e407c283a', 'fgps65xtmj885yvhg9z8i', '2025-06-16T00:40:51.038348+00:00', '2025-06-17T00:40:52.205+00:00', true),
('bab2be30-eae4-432e-9088-070d2c78cac1', 'fbb1c078-3cd0-4e64-8300-7d9e407c283a', '1ux9noibklazs1mrslc3cl', '2025-06-16T00:41:24.14218+00:00', '2025-06-17T00:41:25.311+00:00', true),
('f498bcf0-4509-4ce5-a7ce-97c9c49c7f5f', '31f658a4-fdc7-44cb-aa31-c1eb69a07deb', '27gzi19ggh3d001xl2xxhh', '2025-06-16T08:41:56.515616+00:00', '2025-06-17T08:41:58.357+00:00', true),
('6aaa7c3d-cfb3-4952-bdbb-6d090ffb39cf', '31f658a4-fdc7-44cb-aa31-c1eb69a07deb', '1sn9ljqno5b348gjvqhlvs', '2025-06-16T08:45:08.132431+00:00', '2025-06-17T08:45:10.011+00:00', true),
('4bdb374b-41ff-4233-94b0-38ed5afde57e', '31f658a4-fdc7-44cb-aa31-c1eb69a07deb', '5in1em5u81b8nsmyx9da6a', '2025-06-16T08:45:08.234635+00:00', '2025-06-17T08:45:10.114+00:00', true),
('0261156c-af72-4dbc-bd94-6cf3c91c3584', '31f658a4-fdc7-44cb-aa31-c1eb69a07deb', 'gagnt8ff27myryv8337n4i', '2025-06-16T08:45:19.478384+00:00', '2025-06-17T08:45:21.367+00:00', true),
('0745e68a-09c8-4797-bbea-08d7e7e71529', '31f658a4-fdc7-44cb-aa31-c1eb69a07deb', 's4xbrdlyxkm7j7so38fys9', '2025-06-16T08:45:58.59297+00:00', '2025-06-17T08:46:00.482+00:00', true),
('ba56eba6-c908-4f1f-9448-e6a16b659faa', '31f658a4-fdc7-44cb-aa31-c1eb69a07deb', 'hmssr6txkvs5s65wuffki8', '2025-06-16T08:46:07.448856+00:00', '2025-06-17T08:46:09.305+00:00', true),
('76400801-1e92-4692-b6f6-376f452237d6', '31f658a4-fdc7-44cb-aa31-c1eb69a07deb', 'o2910topqdpw5rxfmg15zf', '2025-06-16T08:50:09.78105+00:00', '2025-06-17T08:50:11.67+00:00', true),
('f11acafa-aade-482a-8205-276f89d8dfcf', '31f658a4-fdc7-44cb-aa31-c1eb69a07deb', 'g67mchbq6f48hon4gezp0d', '2025-06-16T08:50:24.153082+00:00', '2025-06-17T08:50:26.049+00:00', true),
('6e97301f-f5d2-4945-b7e2-bbe51491ed18', '31f658a4-fdc7-44cb-aa31-c1eb69a07deb', 'vyl2tizw8zd0rig45z3ax4', '2025-06-16T08:50:43.476721+00:00', '2025-06-17T08:50:45.373+00:00', true),
('33fb32fc-a1a6-45f4-be0a-f1fdd1dd572c', '31f658a4-fdc7-44cb-aa31-c1eb69a07deb', '6zk3yq67s0t8qv9vx8g08q', '2025-06-16T08:51:45.606017+00:00', '2025-06-17T08:51:47.486+00:00', true),
('52afe6b4-bf1c-4a5a-b8f5-ad0489ef4891', '31f658a4-fdc7-44cb-aa31-c1eb69a07deb', 'fqa9zbeqjhr9hfnf6t1g8s', '2025-06-16T08:51:51.578485+00:00', '2025-06-17T08:51:53.453+00:00', true),
('c3dbfc32-b580-4a94-b856-c50bfbf7cc26', '31f658a4-fdc7-44cb-aa31-c1eb69a07deb', 'k9a0et9eub0m59ewc2xc', '2025-06-16T08:52:34.036453+00:00', '2025-06-17T08:52:35.921+00:00', true),
('9fe0b05f-bfbe-4ba4-ac29-3aefdb6be54f', '31f658a4-fdc7-44cb-aa31-c1eb69a07deb', 'dyprpdrnp4eg16dohor34a', '2025-06-16T08:53:43.8799+00:00', '2025-06-17T08:53:45.771+00:00', true),
('ccae8def-f163-4a81-a009-da26989fdf34', 'fbb1c078-3cd0-4e64-8300-7d9e407c283a', 'i3x8i7mfs6ocb0snk4rdar', '2025-06-16T09:00:21.760386+00:00', '2025-06-17T09:00:21.726+00:00', true),
('9128fabf-bef0-46ab-8ef8-c9e4897192e3', '766a41b0-2603-4ba9-b258-d18f899b9768', 'azhspd4zaawrxh4vvgktn', '2025-06-22T21:24:04.33894+00:00', '2025-06-23T21:24:03.749+00:00', true),
('c93e77ee-8458-4767-84c2-99b5be68e282', '766a41b0-2603-4ba9-b258-d18f899b9768', '9b2e0d6d-9883-4dca-a7bc-96c8b4966d52', '2025-07-02T20:38:47.608601+00:00', '2025-07-03T20:38:47.608601+00:00', true),
('cdeeab7f-5a6e-40ab-95b2-11c7ff69f9ff', '65c26636-7f75-4af8-93cd-78b28b77789c', 'nkrd5cmcu88qtfb5u356cq', '2025-07-17T14:15:47.766+00:00', '2025-07-18T14:15:49.207+00:00', false),
('70e8a9aa-c616-48cb-8821-e0979d490dd8', '65c26636-7f75-4af8-93cd-78b28b77789c', 'yq8s9bfbsdjb1a7ax5ve3i', '2025-07-17T17:21:02.998303+00:00', '2025-07-18T17:21:03.77+00:00', false),
('3e67f1dc-121f-4bcb-ab0a-54de41259ccf', '65c26636-7f75-4af8-93cd-78b28b77789c', '560hsdi4vornj1zpbg4xy', '2025-07-17T17:43:08.505359+00:00', '2025-07-18T17:43:08.274+00:00', false),
('70bc3a6f-96c4-4a16-aa23-588bbf7bf968', '65c26636-7f75-4af8-93cd-78b28b77789c', 'jr3pdafhq0ljsmwgl8ex5m', '2025-07-17T18:13:08.255026+00:00', '2025-07-18T18:13:08.179+00:00', false),
('174ecf38-bf89-44f8-9b42-d879cd7b7fdf', '65c26636-7f75-4af8-93cd-78b28b77789c', 'mzi5ioxk1tul1uj5wd0pp', '2025-07-20T19:44:22.656725+00:00', '2025-07-21T19:43:30.769+00:00', false),
('91799929-c6fe-4f4b-a6df-8d7664d032f9', 'fbb1c078-3cd0-4e64-8300-7d9e407c283a', '962aeff2f443f64239aa008f7516df1441f1ea60550c057e1cf967875bbaa845', '2025-05-11T19:23:10.435586+00:00', '2025-05-12T19:23:10.435586+00:00', false),
('0af66db7-0056-4aa3-b72d-e284164d3b06', 'fbb1c078-3cd0-4e64-8300-7d9e407c283a', '4e690cfdf280158168daf4edebfc17d2b010159d88bc6eb28827a3d92b22745f', '2025-05-11T19:53:33.096548+00:00', '2025-05-12T19:53:33.096548+00:00', false),
('aa42a846-3d19-469f-81b6-e2e15ad554b6', 'fbb1c078-3cd0-4e64-8300-7d9e407c283a', 'd4c465f7dfd5a80d4eafca9fe07215ac373eeaec3662c15ff406a7880fe63005', '2025-05-11T19:54:05.812241+00:00', '2025-05-12T19:54:05.812241+00:00', false),
('14a36380-bc1b-41c5-aa3f-e5d4ac3bad8d', 'fbb1c078-3cd0-4e64-8300-7d9e407c283a', 'fcd67ded69b8a04c7429904c0980db2cd05cfff335a367fb16f08a6b75beea5d', '2025-05-11T19:57:09.68847+00:00', '2025-05-12T19:57:09.68847+00:00', false),
('4be22c75-d814-4d97-ab83-45aabf99a838', 'fbb1c078-3cd0-4e64-8300-7d9e407c283a', '252eec48ef6e830e01d4aa6876d2ef283f83a0fbeb56b77035d3189b8b41a296', '2025-05-11T20:02:03.027921+00:00', '2025-05-12T20:02:03.027921+00:00', false),
('076a1a07-18ee-4b32-bd78-ff0bde3bb9a9', 'fbb1c078-3cd0-4e64-8300-7d9e407c283a', '197dc44980991adb68be473c0d074e4737eccd7329a718a0af04e7bda133bf60', '2025-05-11T20:02:04.305759+00:00', '2025-05-12T20:02:04.305759+00:00', false),
('2aa7a442-146b-4b0c-9ccb-f7d4f4202dc4', 'fbb1c078-3cd0-4e64-8300-7d9e407c283a', 'e97e139a006dc5fa9d3bb7e8c75903c9cea1f5698c598aa044fa628d1749448f', '2025-05-11T20:02:10.521404+00:00', '2025-05-12T20:02:10.521404+00:00', false),
('12e5c782-542a-41cf-b242-7e13f7019091', 'fbb1c078-3cd0-4e64-8300-7d9e407c283a', '026605a34f77b8643fa80b40932fbeb7975c42cb9731d027ce46529e99831f99', '2025-05-11T20:02:16.19667+00:00', '2025-05-12T20:02:16.19667+00:00', false),
('732931e1-8baa-43db-b8e6-1d87a5743212', 'fbb1c078-3cd0-4e64-8300-7d9e407c283a', '2e8756f5112f7595e6e3ecbec18d976d95bc661c5b59e8809207c7a98fa18079', '2025-05-11T20:02:26.594735+00:00', '2025-05-12T20:02:26.594735+00:00', false),
('6f3807f0-4a9e-4946-98d3-f6ebccc0bcb0', 'fbb1c078-3cd0-4e64-8300-7d9e407c283a', 'bee2950dd04521eff0aaa25d4ae9198f3d8294e173670e8cf7c1934d979fbb96', '2025-05-11T20:23:02.70887+00:00', '2025-05-12T20:23:02.70887+00:00', false),
('f6316264-a3d6-43e0-963f-bb4a2fe3c08f', 'fbb1c078-3cd0-4e64-8300-7d9e407c283a', 'f5f5b1f0a105b2115386d3889e14d2dfcd03f3bf8811cc55ed431965f0ca587a', '2025-05-11T20:32:35.603915+00:00', '2025-05-12T20:32:35.603915+00:00', false),
('6d092440-004e-429b-a899-ff5b81915ddf', 'fbb1c078-3cd0-4e64-8300-7d9e407c283a', 'b11118ecc2d97b6d7f7ee684fa11834911e2239e07b68099073746ad4630fabe', '2025-05-11T20:32:36.88249+00:00', '2025-05-12T20:32:36.88249+00:00', false),
('d000f26e-91eb-4949-ba39-58dd4287c69f', 'fbb1c078-3cd0-4e64-8300-7d9e407c283a', 'la1gqvy57nri10s0oza3p', '2025-06-15T22:28:20.935836+00:00', '2025-06-16T22:28:21.686+00:00', false),
('cc07a78a-ee2d-4100-aa24-fceaf86bfa93', 'fbb1c078-3cd0-4e64-8300-7d9e407c283a', 'tcrpftlok3c3ublwd08f', '2025-06-15T22:28:55.987945+00:00', '2025-06-16T22:28:56.696+00:00', false),
('a7ab1e08-6233-40da-a498-f38ef4e3ff75', '31f658a4-fdc7-44cb-aa31-c1eb69a07deb', '5gjdsvs7yzb6povpfx4t0x', '2025-06-15T22:29:58.91679+00:00', '2025-06-16T22:29:59.657+00:00', true),
('cb8d8c0c-d0d7-44b8-b391-55a674a7f19b', 'fbb1c078-3cd0-4e64-8300-7d9e407c283a', '243z9vbppu8e1eq1vkrbp', '2025-06-16T00:38:42.802861+00:00', '2025-06-17T00:38:43.95+00:00', true),
('9d7825d6-0f1e-4956-8fd7-a732d241b3d8', 'fbb1c078-3cd0-4e64-8300-7d9e407c283a', 'l79gahncv6irsz9w60j99', '2025-06-16T00:40:57.122076+00:00', '2025-06-17T00:40:58.292+00:00', true),
('ebb4a38a-bf06-49cb-a7c4-03b2752cd968', 'fbb1c078-3cd0-4e64-8300-7d9e407c283a', 'adi93j8v3xwo2mdwsvc61', '2025-06-16T08:42:15.318168+00:00', '2025-06-17T08:42:17.208+00:00', true),
('8b0a9807-1af7-4cda-911b-0f9d1d4cb35d', '31f658a4-fdc7-44cb-aa31-c1eb69a07deb', 'puqzlhvvkah085jeez86p', '2025-06-16T08:45:13.356161+00:00', '2025-06-17T08:45:15.245+00:00', true),
('4ced57c2-5ea9-4aa2-b28e-8ef4d55b9958', '31f658a4-fdc7-44cb-aa31-c1eb69a07deb', '030es0y5p5rx2hdswq85ejr', '2025-06-16T08:50:22.167597+00:00', '2025-06-17T08:50:24.068+00:00', true),
('1aa91da0-3112-46a2-8b6c-6aff311f86c3', '31f658a4-fdc7-44cb-aa31-c1eb69a07deb', 'wpnufva349lr4o5mhqmpa', '2025-06-16T08:50:38.40263+00:00', '2025-06-17T08:50:40.293+00:00', true),
('957e6d90-9dd2-428b-9d80-ef139d911e3f', '31f658a4-fdc7-44cb-aa31-c1eb69a07deb', 't1cil7383qxfghkg91i1d', '2025-06-16T08:50:38.284828+00:00', '2025-06-17T08:50:40.168+00:00', true),
('847196fa-5cce-47f2-898b-b48b7fbd1626', '31f658a4-fdc7-44cb-aa31-c1eb69a07deb', 'h9jrxyhk1bid3aa1f1j416', '2025-06-16T08:50:57.347723+00:00', '2025-06-17T08:50:59.244+00:00', true),
('1b9fc912-0ec3-4b66-939a-7bf7a5ccd721', '31f658a4-fdc7-44cb-aa31-c1eb69a07deb', '3arll4opb8nb17krxgd2p', '2025-06-16T08:50:57.462906+00:00', '2025-06-17T08:50:59.348+00:00', true),
('f2214234-1c6b-4c03-b80a-0cdc400dacf7', '31f658a4-fdc7-44cb-aa31-c1eb69a07deb', 'u0kdny3uy38tjpr3vnx3g', '2025-06-16T08:51:45.70874+00:00', '2025-06-17T08:51:47.583+00:00', true),
('7e5153ab-1e02-49bf-bc9b-06793ef3edc4', '31f658a4-fdc7-44cb-aa31-c1eb69a07deb', '786n02osg2f1334fhc9rq1c', '2025-06-16T08:51:51.455676+00:00', '2025-06-17T08:51:53.349+00:00', true),
('4626fb12-49e2-45b9-979e-61873a9bf50d', '766a41b0-2603-4ba9-b258-d18f899b9768', 'fcec75a2a8cb2ef159b0a1ebd142614870db63123e668afafc8adfb6a8039220', '2025-05-05T18:44:28.123553+00:00', '2025-05-06T18:44:28.123553+00:00', false),
('fe75423a-5f6b-4b82-8cb7-5d987b6c4317', '766a41b0-2603-4ba9-b258-d18f899b9768', 'dcfc3f7d6c76b47d58ab07c6779213681f07d32a6312a92150caf860ead8f1ba', '2025-05-05T18:46:50.334542+00:00', '2025-05-06T18:46:50.334542+00:00', false),
('482d4276-8414-44bf-97c7-c4fbb445509c', '766a41b0-2603-4ba9-b258-d18f899b9768', '2619d7a91016dbdee89630611616ea06eaf8b9199c933b1b92204dfaf40f4c71', '2025-05-05T18:47:42.311288+00:00', '2025-05-06T18:47:42.311288+00:00', false),
('f94c4126-b0c6-4121-94f0-089a602e5a62', '766a41b0-2603-4ba9-b258-d18f899b9768', '4ffb6533a48ea3db9266f925883eb2f132064d0689b2d319f56df6a9e89f7e55', '2025-05-05T18:51:51.789325+00:00', '2025-05-06T18:51:51.789325+00:00', false),
('f239c6df-14fb-4e82-85d1-879f5a842e30', '766a41b0-2603-4ba9-b258-d18f899b9768', '2a8cf5d26dfe673cc385a9b97b27cd8e36f0a68df573f9bf81a08ae2f477c604', '2025-05-05T18:52:10.835683+00:00', '2025-05-06T18:52:10.835683+00:00', false),
('e4e10d7c-f811-4da7-a41a-cf4c301ba9ed', '766a41b0-2603-4ba9-b258-d18f899b9768', 'ad4b94c34b15efe78371097d45f78a84708393bbcf885249c46e40c44878a364', '2025-05-05T18:53:25.287382+00:00', '2025-05-06T18:53:25.287382+00:00', false),
('ee2b23c6-195c-4bba-a31c-8f308b714a44', '766a41b0-2603-4ba9-b258-d18f899b9768', 'a7ac4384503cbf12318b8e0e761eea77281f103495a65480d1ebe7eec521d0f0', '2025-05-05T19:00:15.208329+00:00', '2025-05-06T19:00:15.208329+00:00', false),
('710cf13d-1d84-4f81-bd1b-f931c5203599', '766a41b0-2603-4ba9-b258-d18f899b9768', '603997686d82a17c3daf16c9b40fc42c9faa28aa5b1fa45476b66da8f47b9545', '2025-05-05T19:05:37.814665+00:00', '2025-05-06T19:05:37.814665+00:00', false),
('6ad1c9a4-98ec-400d-88f1-82849ed730cd', '766a41b0-2603-4ba9-b258-d18f899b9768', 'fb2bf283503452c6a92d3147072c84ec76c4f4a7d57608b0313857eb5412ea79', '2025-05-05T19:06:54.398356+00:00', '2025-05-06T19:06:54.398356+00:00', false),
('ea7fd9a5-74fc-4256-a08b-c1f7d6fd15c8', 'fbb1c078-3cd0-4e64-8300-7d9e407c283a', 'd34eefed2ec182856ad49d0ae7244356b7a1c4a824279fc66e39d05be5d7281b', '2025-05-04T21:07:02.585735+00:00', '2025-05-05T21:07:02.585735+00:00', true),
('08752d94-23e4-4f6c-89d8-2879c9135da0', 'fbb1c078-3cd0-4e64-8300-7d9e407c283a', 'f382d0a05dc2fe9a2c2afb0c882d0a719cb16f4b613e4e0b217ef0c6665028b9', '2025-05-04T21:07:08.789171+00:00', '2025-05-05T21:07:08.789171+00:00', true),
('7864a13e-cb5a-4a62-bf34-38414bb232f1', 'fbb1c078-3cd0-4e64-8300-7d9e407c283a', 'ae42112a5474bddfe4b34c78f1dfb4c36a0ea74e04f193ff8b98d31540f2920a', '2025-05-04T21:07:33.634662+00:00', '2025-05-05T21:07:33.634662+00:00', true),
('e10d38ad-c96f-429a-8eac-a857bf6a8cae', '31f658a4-fdc7-44cb-aa31-c1eb69a07deb', 'et1utx8pqebwo12sdlgm4f', '2025-06-16T08:51:53.407663+00:00', '2025-06-17T08:51:55.294+00:00', true),
('9117ade1-a0c0-4eca-8ac1-e139174374ef', '31f658a4-fdc7-44cb-aa31-c1eb69a07deb', '8qhnpj6zb8eo39hfjyezsq', '2025-06-16T08:51:53.535649+00:00', '2025-06-17T08:51:55.425+00:00', true),
('763b0f39-493e-4dbb-a012-5183f1c1009f', '31f658a4-fdc7-44cb-aa31-c1eb69a07deb', 'd6qquj389u62k5qww4995w', '2025-06-16T08:52:39.195953+00:00', '2025-06-17T08:52:41.084+00:00', true),
('a249cdf2-b136-48b6-a9c1-e81751d4fda4', 'fbb1c078-3cd0-4e64-8300-7d9e407c283a', '846bguffge6v2zxt7vq3vf', '2025-06-16T09:00:29.088008+00:00', '2025-06-17T09:00:29.05+00:00', true),
('44197216-a07a-4c3c-ab90-e50874e79b7a', 'fbb1c078-3cd0-4e64-8300-7d9e407c283a', 'fqdehp4ylkavm81hpf0lm', '2025-06-29T18:48:57.135584+00:00', '2025-06-30T18:48:57.495+00:00', true),
('4ae3fde6-adbd-4bbf-ad28-3171bf333bee', '766a41b0-2603-4ba9-b258-d18f899b9768', 'bd7e042d-acd3-41b4-8f89-6abe43dcdc4a', '2025-07-11T02:12:19.115619+00:00', '2025-07-12T02:12:19.115619+00:00', true),
('2aff1f36-3bc1-4ef2-b23d-0e84ec3146c1', '65c26636-7f75-4af8-93cd-78b28b77789c', 'cmbvak7bzuaxfoxjvxr9pl', '2025-07-17T14:25:03.176167+00:00', '2025-07-18T14:25:04.728+00:00', false),
('0211402f-37bd-4087-8a5d-45164e884527', '65c26636-7f75-4af8-93cd-78b28b77789c', '0dxpkhn5xqasevjp1prbi8i', '2025-07-17T17:31:07.378598+00:00', '2025-07-18T17:31:08.24+00:00', false),
('42ad07ac-16b9-4772-a216-a5a87d2dd76b', '65c26636-7f75-4af8-93cd-78b28b77789c', '4v9xadhw43290zox57bfjd', '2025-07-17T17:56:13.463799+00:00', '2025-07-18T17:56:13.218+00:00', false),
('3cfe072e-112c-4887-8ed1-de34c9c4544e', '65c26636-7f75-4af8-93cd-78b28b77789c', 'vm8ms6p5gqkkrmpx4vv92b', '2025-07-17T18:22:45.158167+00:00', '2025-07-18T18:22:45.004+00:00', false),
('57246bcd-8b32-45a7-beaa-6cec1ec88a48', '766a41b0-2603-4ba9-b258-d18f899b9768', '01982230-975e-4129-a7e8-aa7521b6b636', '2025-08-02T03:04:09.77919+00:00', '2025-08-03T03:04:09.77919+00:00', false),
('2a1ae88b-e743-4030-9755-346cf6af261b', 'fbb1c078-3cd0-4e64-8300-7d9e407c283a', 'ad4c3f46d1c449d96d3c632f1a70ee2e392e2f8c91704a3bf32dc6d49f5b3c62', '2025-05-04T21:07:49.370073+00:00', '2025-05-05T21:07:49.370073+00:00', true),
('20a716de-c85f-4039-8820-148768fb74df', 'fbb1c078-3cd0-4e64-8300-7d9e407c283a', 'cf2b79b666e2510b7728ffd395dea053b34bd6b529b11ce4cc3d83b770dc36f6', '2025-05-04T21:08:28.986454+00:00', '2025-05-05T21:08:28.986454+00:00', true),
('4751e527-25fc-449c-a80d-e8a68611739f', 'fbb1c078-3cd0-4e64-8300-7d9e407c283a', '7a02589aff3f09661e63ba7132822596fcef4334126a963d671d7bb45a59d9d5', '2025-05-04T21:08:32.040347+00:00', '2025-05-05T21:08:32.040347+00:00', true),
('ac301174-0da4-4988-8620-a2782810ffe1', 'fbb1c078-3cd0-4e64-8300-7d9e407c283a', '37cb01465baf8106c56165aded095c7f48f11df0fbbcdae04eeaf275c5dd291b', '2025-05-04T21:08:32.658517+00:00', '2025-05-05T21:08:32.658517+00:00', true),
('cf29e9d0-4ae3-4e3e-8bc0-b20a34f6434b', 'fbb1c078-3cd0-4e64-8300-7d9e407c283a', '8c78871771be6dfd84d761f0ce1846ed271283e8c0d0bc4dd61351f6aa1291c2', '2025-05-04T21:11:52.470034+00:00', '2025-05-05T21:11:52.470034+00:00', true),
('17ca7309-dc7c-4917-a7a8-d49f773facae', 'fbb1c078-3cd0-4e64-8300-7d9e407c283a', '7c5df579dea3ea2f8315361a3c6ea6529dcc59daa54062a4a8bd737d2994fbe3', '2025-05-04T21:11:55.712609+00:00', '2025-05-05T21:11:55.712609+00:00', true),
('06b36037-f5fe-4481-9277-db411663ee67', 'fbb1c078-3cd0-4e64-8300-7d9e407c283a', '7d9ed4708aee858ddbd8c8bd4e91edc1d469787aaf934e8655e81e13dfcd9bd4', '2025-05-04T21:11:57.263198+00:00', '2025-05-05T21:11:57.263198+00:00', true),
('d26e36db-8281-448f-a3d7-fefac0c3d430', 'fbb1c078-3cd0-4e64-8300-7d9e407c283a', '2552be8f494b71cfce3156110d4f2bb280345085a4534fb0afd162a7f634743f', '2025-05-04T21:12:04.153576+00:00', '2025-05-05T21:12:04.153576+00:00', true),
('599a8b9a-32f5-4050-996f-4c7034958044', 'fbb1c078-3cd0-4e64-8300-7d9e407c283a', '01bc229203a71ee9cbe60acec5f5db5e14ef907ed2ee39ccfa9d0329411e9930', '2025-05-04T21:12:10.270758+00:00', '2025-05-05T21:12:10.270758+00:00', true),
('b284a06b-e3a9-490f-9a79-c59d8606605a', 'fbb1c078-3cd0-4e64-8300-7d9e407c283a', 'd815c91ff782db4a3560fb2d820dea0e5be56d4dd523a75a45a482b8171401e5', '2025-05-04T21:28:48.143492+00:00', '2025-05-05T21:28:48.143492+00:00', true),
('1975b5d9-e3d7-483d-aac8-e6e7fa3eca39', 'fbb1c078-3cd0-4e64-8300-7d9e407c283a', 'f24898df469d1332766dffc2ce9cdc2741c045177730a43b25b3184a2f8d9b9b', '2025-05-04T21:28:51.271407+00:00', '2025-05-05T21:28:51.271407+00:00', true),
('2357447e-42bc-43e9-9a82-70c60c9fdf28', 'fbb1c078-3cd0-4e64-8300-7d9e407c283a', '674d43ec90210b65ce22fa5ef65ed6b2de02353b2773eb345e4df2394e6fd63b', '2025-05-04T21:28:52.738566+00:00', '2025-05-05T21:28:52.738566+00:00', true),
('8c970093-441a-4757-ad5b-359736ae3593', 'fbb1c078-3cd0-4e64-8300-7d9e407c283a', '2459b694b79fce1b1998ee9899a35b7d81a5ab66c7a78c277c17434b9e22ed1a', '2025-05-04T09:53:57.072237+00:00', '2025-05-05T09:53:57.072237+00:00', true),
('67c3449c-146e-49b5-8835-3f4ec98d2a98', 'fbb1c078-3cd0-4e64-8300-7d9e407c283a', 'f6ef4e9c597f4738ff5a1c3514a346adf85b6a7df4f68dc8159d4280a3cf4e43', '2025-05-04T10:14:32.842201+00:00', '2025-05-05T10:14:32.842201+00:00', true),
('915a3a73-d344-4753-8779-e9b155d9d2d3', 'fbb1c078-3cd0-4e64-8300-7d9e407c283a', 'e9cc6a6100a4814d330dfe7e06fe7ebcb0464d002cdd078e2aff9ad5aa5ac594', '2025-05-04T10:14:35.898995+00:00', '2025-05-05T10:14:35.898995+00:00', true),
('da9ab1ed-a504-4075-9826-e808e462de0a', 'fbb1c078-3cd0-4e64-8300-7d9e407c283a', '0782fd0bb029326d54dbcb01cd68bbf17861051c9c47c8e9d79ce6e2089fa792', '2025-05-04T10:25:41.604574+00:00', '2025-05-05T10:25:41.604574+00:00', true),
('be87d6b6-de17-4b6c-94bb-5df5aca8cc21', 'fbb1c078-3cd0-4e64-8300-7d9e407c283a', '920c304bb3c2744f499a9e404eab8d88702aa5d8d37275afe25f54e308a48105', '2025-05-04T10:49:31.820033+00:00', '2025-05-05T10:49:31.820033+00:00', true),
('c0301a3b-ca05-44e2-80f0-dfdf6016cf5a', 'fbb1c078-3cd0-4e64-8300-7d9e407c283a', 'a8420b625fd621512266c998fe374473cf627740f2b58ba9381878495ef7b236', '2025-05-04T10:49:39.512576+00:00', '2025-05-05T10:49:39.512576+00:00', true),
('4c9f7e84-7119-43dd-8a71-f5794ac16ac9', 'fbb1c078-3cd0-4e64-8300-7d9e407c283a', '6e1349dd6b09dcfa9474d2efe02a5474718cbf7c39c435e982fb3a42183a81bc', '2025-05-04T10:49:40.932493+00:00', '2025-05-05T10:49:40.932493+00:00', true),
('63901cb4-1178-4b6e-a4df-385fadd61279', 'fbb1c078-3cd0-4e64-8300-7d9e407c283a', 'b98f663598c8d8807b39b9eb4c6e9a6d5faea4da38ac93a0227291f656894197', '2025-05-04T10:50:04.483657+00:00', '2025-05-05T10:50:04.483657+00:00', true),
('f66d40ce-c7fa-4d95-8e63-99e48895ca05', 'fbb1c078-3cd0-4e64-8300-7d9e407c283a', '2ecf96e7f25e80d85ab748014133b5e6accb52cedb2d643f72c8b5cfd69f65ea', '2025-05-04T10:57:40.265451+00:00', '2025-05-05T10:57:40.265451+00:00', true),
('040a33eb-2239-4513-9117-6e7cc64aa6eb', 'fbb1c078-3cd0-4e64-8300-7d9e407c283a', '615678a15bca618c63bf62c3fe9770aa6254ca2aa05a71c9790836a4ad865fe0', '2025-05-04T10:57:48.660551+00:00', '2025-05-05T10:57:48.660551+00:00', true),
('e750ec27-1925-4d5c-b32f-81d2350384b4', 'fbb1c078-3cd0-4e64-8300-7d9e407c283a', '140482f6c0c170b616a8ed536c75cd902ba0b6e8c17881b2c2060be802406e86', '2025-05-04T11:02:38.947222+00:00', '2025-05-05T11:02:38.947222+00:00', true),
('425474f9-b689-4d44-a766-25f5702c54a7', 'fbb1c078-3cd0-4e64-8300-7d9e407c283a', 'fde03f1ce36faa8f530d088875f8166addbd597511e8983ae57b82293d756810', '2025-05-04T11:13:38.840247+00:00', '2025-05-05T11:13:38.840247+00:00', true),
('8d1ccc73-6d38-490c-8a38-dba5d9b13264', 'fbb1c078-3cd0-4e64-8300-7d9e407c283a', '02334dbecb9258a52bddf0bc0e1c66127c80037bf4a7aa24f71eec738bce555a', '2025-05-04T21:28:58.887419+00:00', '2025-05-05T21:28:58.887419+00:00', true),
('62079f53-ddc0-4f04-b347-99b351c736cb', 'fbb1c078-3cd0-4e64-8300-7d9e407c283a', '69acfc868a387fa857cd372e67e3dfeefbf24eee7ab3fe6e5a0b627dfc4bfb55', '2025-05-04T21:45:37.881434+00:00', '2025-05-05T21:45:37.881434+00:00', true),
('a8878e20-a861-4cd3-ae35-8fc27eb91ca7', 'fbb1c078-3cd0-4e64-8300-7d9e407c283a', '767f06d4eb9e645b0459c9d39495fdf4b00580467d681e1db58f4439ee9a959b', '2025-05-04T21:45:41.510545+00:00', '2025-05-05T21:45:41.510545+00:00', true),
('f6e5cc18-e251-4e31-8527-bf6f25737646', 'fbb1c078-3cd0-4e64-8300-7d9e407c283a', '470a6b22fdf73e926cded612d67fb1366527fc22378eec53c94b8a5b9896e6ce', '2025-05-04T21:45:42.931833+00:00', '2025-05-05T21:45:42.931833+00:00', true),
('cb6ea60a-2744-453f-a13e-3a9843acc270', 'fbb1c078-3cd0-4e64-8300-7d9e407c283a', '2db895d9f0c41fc04c44d2199462e78fb0915dcd9f80eac53ddf3435dab26283', '2025-05-04T21:45:49.498207+00:00', '2025-05-05T21:45:49.498207+00:00', true),
('b6d1ee7d-e621-4314-9931-1293c409f3c1', 'fbb1c078-3cd0-4e64-8300-7d9e407c283a', 'e6b7cd2566c088782823b7c0c2fd8041b867991dbbcda391096cc84402130e1f', '2025-05-04T21:46:37.274105+00:00', '2025-05-05T21:46:37.274105+00:00', true),
('aa7054ea-cecc-40c2-92f6-b5a19ec90f88', 'fbb1c078-3cd0-4e64-8300-7d9e407c283a', '3e290895626679b3c8fa46e161345266511a0a6a61457498d152acb3b10ed615', '2025-05-04T21:46:41.399766+00:00', '2025-05-05T21:46:41.399766+00:00', true),
('daed6e6c-3ff2-4c45-a9a5-57ef69c29eca', 'fbb1c078-3cd0-4e64-8300-7d9e407c283a', '5269f0f24c216a0aaf1b45b121799811fa5ec9894dbe4e3a49ee23c6a4d9db79', '2025-05-04T21:46:59.723257+00:00', '2025-05-05T21:46:59.723257+00:00', true),
('647f7ed6-331b-4468-a4fc-7e2484c37348', 'fbb1c078-3cd0-4e64-8300-7d9e407c283a', '3ba73bd41b96bd7919454062d5b58854d86ef30f562a52600b29ef960451b1cb', '2025-05-04T21:47:04.976653+00:00', '2025-05-05T21:47:04.976653+00:00', true),
('737fc33e-9281-4892-8dac-a400b8af90f5', 'fbb1c078-3cd0-4e64-8300-7d9e407c283a', 'd24eb767c5f509c3ac423560e68f3a50b883852d9d24216d76b1df0a7f357640', '2025-05-04T21:53:13.88242+00:00', '2025-05-05T21:53:13.88242+00:00', true),
('c830d38f-fbbb-4b1a-8d63-684d304603d0', 'fbb1c078-3cd0-4e64-8300-7d9e407c283a', 'f3f5cfc0a8996a9351b636d73551a60e1016e8f8c2c2d16fca859d778503cf80', '2025-05-04T21:53:16.523586+00:00', '2025-05-05T21:53:16.523586+00:00', true),
('faafb708-646b-4ded-b0f5-a36c52a1a2c3', 'fbb1c078-3cd0-4e64-8300-7d9e407c283a', '993f0ee0cec46bdbf38a47cbb161a2405a9736789320c3a51ec258857aa0ad6e', '2025-05-04T21:53:17.287059+00:00', '2025-05-05T21:53:17.287059+00:00', true),
('9a3b11ea-4bd8-4c20-b1e9-9681dcd79491', 'fbb1c078-3cd0-4e64-8300-7d9e407c283a', '2736f4a02165bd680b8c7b9845276c4393172ab8fd9366cc4e103073e2e9583b', '2025-05-04T21:53:19.487469+00:00', '2025-05-05T21:53:19.487469+00:00', true),
('dbb6e031-2f2d-4b35-be8f-887b1218300e', 'fbb1c078-3cd0-4e64-8300-7d9e407c283a', 'bfcf7e7c0e536aba06ac1654e08a7a290b40bec34ba950aa1b9b01f241b863ac', '2025-05-04T21:53:19.970614+00:00', '2025-05-05T21:53:19.970614+00:00', true),
('5fb37a57-9849-47d6-a386-1160cec4124b', 'fbb1c078-3cd0-4e64-8300-7d9e407c283a', '7209a62ee654747d8463b76711ba963c7dc91a3005b6747f33429ce9853d6d29', '2025-05-04T21:53:26.779744+00:00', '2025-05-05T21:53:26.779744+00:00', true),
('0f7640df-f8ce-4b15-a661-1a354d989572', 'fbb1c078-3cd0-4e64-8300-7d9e407c283a', 'f15a1b5f028848b627a40b36707b04d6c1f2406b88c23e3dd74147a9f48c1484', '2025-05-04T22:04:47.610315+00:00', '2025-05-05T22:04:47.610315+00:00', true),
('e4c713d7-6b1e-4d66-a40d-428776dbfe23', 'fbb1c078-3cd0-4e64-8300-7d9e407c283a', '229239aada4529a449d89d6e343e31f068bc430ea17d44a6e4229561762e0b70', '2025-05-04T22:04:50.799379+00:00', '2025-05-05T22:04:50.799379+00:00', true),
('6f28cf50-55fa-44ba-aa83-9214c13e1bab', 'fbb1c078-3cd0-4e64-8300-7d9e407c283a', '44643ae5d2ad7611a7b94757f740d9b095774a6d031a5e1d92fe1e541e194da1', '2025-05-04T22:04:52.251366+00:00', '2025-05-05T22:04:52.251366+00:00', true),
('0dfd4ac2-36a5-428c-90ed-c629075cf5c2', 'fbb1c078-3cd0-4e64-8300-7d9e407c283a', '868b1bc393ed7aa194b042a443d27e493708a56a09445d7260cbf99f3c7076ca', '2025-05-04T22:04:58.510388+00:00', '2025-05-05T22:04:58.510388+00:00', true),
('bc0c35be-ceec-4d77-9179-2cfe26c9f317', 'fbb1c078-3cd0-4e64-8300-7d9e407c283a', 'cae4cc2f2c16bb56ae54f66be1e4fcb5c3ff327dcfc4f6cf451dedd4cc8ea597', '2025-05-05T13:06:56.008473+00:00', '2025-05-06T13:06:56.008473+00:00', true),
('4cc9ab5a-ae1d-46c3-933b-ad255040df4e', 'fbb1c078-3cd0-4e64-8300-7d9e407c283a', '7dbbb002616584d936a4b0adb9b23bf285f3fb2138ba45ec8b767e5c701125bc', '2025-05-05T13:06:56.020623+00:00', '2025-05-06T13:06:56.020623+00:00', true),
('99e3ca4c-74e5-4c5d-aaf2-b9d3da23586f', 'fbb1c078-3cd0-4e64-8300-7d9e407c283a', '51020d35a0655d07aefe7ee11c2cc943e4bde710d184d5e63447ae6d3d92bb7c', '2025-05-05T13:06:58.040272+00:00', '2025-05-06T13:06:58.040272+00:00', true),
('44cf3edc-f8da-4228-9128-18afdbd69195', 'fbb1c078-3cd0-4e64-8300-7d9e407c283a', '89d7a22120810b9a9da9cdcf30a88df0333f4f76077fc9e885b4d8294e3cc1cd', '2025-05-05T13:07:00.722221+00:00', '2025-05-06T13:07:00.722221+00:00', true),
('4c4f5701-8a78-4ddb-ad54-0abe89a66998', 'fbb1c078-3cd0-4e64-8300-7d9e407c283a', 'a777818e3ee6fa70e19758311b9419ee51bdf559176475df32b8e9857d5ca96b', '2025-05-05T13:07:01.494222+00:00', '2025-05-06T13:07:01.494222+00:00', true),
('9a194bfa-0d72-44a6-add4-0c9a933b3884', 'fbb1c078-3cd0-4e64-8300-7d9e407c283a', '14fac8f488e1bd87f5ea8bfed7cb4c97dfc96b2e6cdfb541624c39e83db69ff2', '2025-05-05T13:12:24.763182+00:00', '2025-05-06T13:12:24.763182+00:00', true),
('81c95c57-a219-4c58-92d9-1858ff70f32c', 'fbb1c078-3cd0-4e64-8300-7d9e407c283a', 'ef061c6b208fe175d6ec8d20f2796f354a034d864eff95d7868c13c3e7ce077e', '2025-05-05T13:12:30.482169+00:00', '2025-05-06T13:12:30.482169+00:00', true),
('24c08e02-7742-4565-9ec9-1354d6fbfaae', 'fbb1c078-3cd0-4e64-8300-7d9e407c283a', '6ac6266512a42d45e4d08710d08bca69b1e9ae8b32e65441a4b10cd461b87ff0', '2025-05-05T13:12:33.278794+00:00', '2025-05-06T13:12:33.278794+00:00', true),
('0d72d480-0d91-451d-b512-d6865f6c58ff', 'fbb1c078-3cd0-4e64-8300-7d9e407c283a', 'cf6e284789808e3debe9da3dfce4fa5014f7f8fc41148a1921301469e7b96ce7', '2025-05-05T13:12:33.905266+00:00', '2025-05-06T13:12:33.905266+00:00', true),
('d20d52d2-1520-4338-a88d-988ceb2d0b7e', 'fbb1c078-3cd0-4e64-8300-7d9e407c283a', '97eec931e19bbd5bc442103579d782e67dac1df394b21006ee400139d7186032', '2025-05-05T13:12:39.399514+00:00', '2025-05-06T13:12:39.399514+00:00', true),
('75392f49-8eb8-4407-a196-64b1adfaf97c', 'fbb1c078-3cd0-4e64-8300-7d9e407c283a', '73e05deec4f5c6837cddf70817bc4c3d23c153abaae8c194fbc3ba6ddfd4cc21', '2025-05-05T16:06:24.944065+00:00', '2025-05-06T16:06:24.944065+00:00', true),
('2fce7f00-296f-4d40-b22c-543554c0aba5', 'fbb1c078-3cd0-4e64-8300-7d9e407c283a', '41d93546ad1505a98754c8f38444aaf4d1081c0df7496c366bd0539e00683764', '2025-05-11T12:06:32.316909+00:00', '2025-05-12T12:06:32.316909+00:00', true),
('6d1dc8bd-5600-4c89-ad5f-b8158105f0e3', 'fbb1c078-3cd0-4e64-8300-7d9e407c283a', '21df1b28ee1db9a4c47f4fe92ccbc174620023af888eacb08ea62a31b492f838', '2025-05-11T12:09:59.269012+00:00', '2025-05-12T12:09:59.269012+00:00', true),
('c25b8247-98bd-4109-b92e-4cfaa597b654', 'fbb1c078-3cd0-4e64-8300-7d9e407c283a', '709fbfe88f6ef09bef63e1547d93c90f0f5bd3fa77d1af99b7f61364d6602272', '2025-05-11T19:37:57.873522+00:00', '2025-05-12T19:37:57.873522+00:00', false),
('fccfefdd-f3be-4068-bbd3-71b61be8871c', 'fbb1c078-3cd0-4e64-8300-7d9e407c283a', 'a418d03d0e3e6bf02dda15d4f653ab878938842c9f890f32cfbcc96c8a523435', '2025-05-11T19:53:38.606613+00:00', '2025-05-12T19:53:38.606613+00:00', false),
('085acb75-d539-4442-8e99-807879b3491f', 'fbb1c078-3cd0-4e64-8300-7d9e407c283a', 'aaf31f3ea053b96dc4fd81edada57739c2681b03c458e575e33611cc717a6293', '2025-05-11T19:59:41.093769+00:00', '2025-05-12T19:59:41.093769+00:00', false),
('3c47b3d5-f853-4e71-98cc-3f820e6c0334', 'fbb1c078-3cd0-4e64-8300-7d9e407c283a', '0c8cf8131f093f25958413d25eb71a9afc07d94739ab1cdd52295ad52c7770c2', '2025-05-11T19:59:42.287852+00:00', '2025-05-12T19:59:42.287852+00:00', false),
('f2410640-4046-45e2-a3ae-613e8f55665c', 'fbb1c078-3cd0-4e64-8300-7d9e407c283a', 'fd04f9b1309d9046ac7919bf5ccd9e66ff970ad76bbdcd7d5c8de970cbfd471b', '2025-05-11T19:59:48.998388+00:00', '2025-05-12T19:59:48.998388+00:00', false),
('034bd0d9-15e8-4961-8064-b0ed86dae5e6', 'fbb1c078-3cd0-4e64-8300-7d9e407c283a', 'eacf7c0fadf463b8e0b373a1ec2763894f9c97e96726ffcf28d618d6126135f7', '2025-05-11T20:02:07.076195+00:00', '2025-05-12T20:02:07.076195+00:00', false),
('9472969d-0760-4aa0-b1d1-d560765ad493', 'fbb1c078-3cd0-4e64-8300-7d9e407c283a', '4f4a64463a59cde5a8f55fe3fe27db79cd23b2fc606c267d35ab54f59d557dd9', '2025-05-11T20:02:22.129764+00:00', '2025-05-12T20:02:22.129764+00:00', false),
('bc131b1b-a757-41ad-ac99-4fe150ec9aa1', 'fbb1c078-3cd0-4e64-8300-7d9e407c283a', '7b962c6d4216f8571cfcd89130b8f36b530348378d8cf6447163dd97715ce272', '2025-05-11T20:23:05.770077+00:00', '2025-05-12T20:23:05.770077+00:00', false),
('1f7d379a-0ee6-44e7-bb43-caaffefb0799', 'fbb1c078-3cd0-4e64-8300-7d9e407c283a', 'whld1ci4q8rgc99agg4ya7', '2025-06-15T22:28:01.188759+00:00', '2025-06-16T22:28:01.91+00:00', false),
('4989e545-2c84-4437-b72e-0e261e9d88e1', 'fbb1c078-3cd0-4e64-8300-7d9e407c283a', 'dssi916dd16f99gkgcwo', '2025-06-15T22:28:21.070021+00:00', '2025-06-16T22:28:21.819+00:00', false),
('6a042497-0bd0-4bf7-b8c7-8c1264b1d8e5', 'fbb1c078-3cd0-4e64-8300-7d9e407c283a', '9tu1xsoeodo2tjzh7eocgn', '2025-06-15T22:28:26.186064+00:00', '2025-06-16T22:28:26.942+00:00', false),
('30bc3daa-1cc9-485c-be97-bb2b12ba98f7', '31f658a4-fdc7-44cb-aa31-c1eb69a07deb', 'sujytcvvvoiuu7w3m5a2', '2025-06-15T22:29:05.476375+00:00', '2025-06-16T22:29:06.216+00:00', true),
('4dd50238-356a-40f7-8e91-87d5c68f096b', 'fbb1c078-3cd0-4e64-8300-7d9e407c283a', 'ccs1ichuwpfh4lxepsx63b', '2025-06-15T22:29:38.449492+00:00', '2025-06-16T22:29:39.194+00:00', false),
('9ec2cf8a-879d-4934-a6fd-f2a3496065d2', 'fbb1c078-3cd0-4e64-8300-7d9e407c283a', 'gcsh167qb1cakthax61syi', '2025-06-16T00:38:00.33058+00:00', '2025-06-17T00:38:01.416+00:00', true),
('e3583a9e-606a-42d0-a421-1f9ee733a5bf', 'fbb1c078-3cd0-4e64-8300-7d9e407c283a', 'nnpyqqnykzrqxcwsr2mzsm', '2025-06-16T00:38:15.204148+00:00', '2025-06-17T00:38:16.338+00:00', true),
('94d55b97-d878-492d-85a3-188b97bce3ac', 'fbb1c078-3cd0-4e64-8300-7d9e407c283a', 'omsesq9kjkxhh9plopc7b', '2025-06-16T00:38:49.402814+00:00', '2025-06-17T00:38:50.568+00:00', false),
('074b6446-89c2-4497-97cb-950625d4d0c4', 'fbb1c078-3cd0-4e64-8300-7d9e407c283a', 'vqhst077mz5z4figts9s3', '2025-06-16T00:41:02.427878+00:00', '2025-06-17T00:41:03.597+00:00', false),
('6c09b4e7-7e0d-4fd2-846a-d20099e30344', 'fbb1c078-3cd0-4e64-8300-7d9e407c283a', 'h925cxl7tac8q09ha2qq5q', '2025-06-16T00:41:14.271878+00:00', '2025-06-17T00:41:15.434+00:00', false),
('4688aa82-d4c1-4244-954e-f3328e0d4815', 'fbb1c078-3cd0-4e64-8300-7d9e407c283a', 'l3brg4i2g4lwikpxfhaplh', '2025-06-16T00:41:32.550673+00:00', '2025-06-17T00:41:33.712+00:00', true),
('89cad429-4d6b-4588-9f86-fb34a51d457c', '31f658a4-fdc7-44cb-aa31-c1eb69a07deb', 'x5zr4pt7apodybl848frmn', '2025-06-16T08:42:38.532539+00:00', '2025-06-17T08:42:40.416+00:00', true),
('5d427aef-5c54-4c61-8e7d-e3658662355f', '31f658a4-fdc7-44cb-aa31-c1eb69a07deb', 'hsk9maift299idbgpo4d9a', '2025-06-16T08:45:32.765966+00:00', '2025-06-17T08:45:34.64+00:00', true),
('1d40e50e-c5fc-441d-91f4-be4a695736d5', '31f658a4-fdc7-44cb-aa31-c1eb69a07deb', 'qtrovptx2jwhytnjisuis', '2025-06-16T08:50:24.259487+00:00', '2025-06-17T08:50:26.148+00:00', true),
('87b71356-d369-4031-825f-5305cd3352b6', '31f658a4-fdc7-44cb-aa31-c1eb69a07deb', 'eitelxolq7ped9qekuzqd9', '2025-06-16T08:50:28.409845+00:00', '2025-06-17T08:50:30.31+00:00', true),
('34fb92ce-933d-4fab-ba18-2d64d241a03a', '31f658a4-fdc7-44cb-aa31-c1eb69a07deb', 'njbvo477b4kcgouvlrtd3p', '2025-06-16T08:50:38.389377+00:00', '2025-06-17T08:50:40.283+00:00', true),
('d9a1eba9-69f1-4c86-b298-243233e35b21', '31f658a4-fdc7-44cb-aa31-c1eb69a07deb', 'nk8yre9jncozlfz9ldpfd', '2025-06-16T08:50:43.571994+00:00', '2025-06-17T08:50:45.466+00:00', true),
('b5460c4b-e9ff-421c-b72e-2bc19413ff2c', '31f658a4-fdc7-44cb-aa31-c1eb69a07deb', 'bdz8j6pp4ol53gyqm9cs68', '2025-06-16T08:50:49.524805+00:00', '2025-06-17T08:50:51.419+00:00', true),
('4e6ea756-b910-49f9-88fd-3235696225dd', '31f658a4-fdc7-44cb-aa31-c1eb69a07deb', 'enz40o93o1tl5256twf7jd', '2025-06-16T08:50:57.450273+00:00', '2025-06-17T08:50:59.346+00:00', true),
('d361e6b4-8514-4000-89d4-2d14f932aa79', '31f658a4-fdc7-44cb-aa31-c1eb69a07deb', 'srqtz06pipijj2syl4ihk', '2025-06-16T08:51:51.557388+00:00', '2025-06-17T08:51:53.449+00:00', true),
('d4149138-7009-46f5-9737-50eff7351d90', '31f658a4-fdc7-44cb-aa31-c1eb69a07deb', '0fjg7tn8og4l6x8x3pp4x2', '2025-06-16T08:51:53.535655+00:00', '2025-06-17T08:51:55.424+00:00', true),
('d047b790-1435-4bcb-8ccc-73131a83e842', '31f658a4-fdc7-44cb-aa31-c1eb69a07deb', 'bd5yih2obhhsdahr6jz6r', '2025-06-16T08:52:40.752128+00:00', '2025-06-17T08:52:42.643+00:00', true),
('4616d5b8-1956-4b04-a235-df5ee73a99d3', '31f658a4-fdc7-44cb-aa31-c1eb69a07deb', 'j8rqklsypqq7txzh5i21ei', '2025-06-16T08:52:41.408478+00:00', '2025-06-17T08:52:43.303+00:00', true),
('452ddf41-144c-4498-ac34-8ce1d4f61ce1', 'fbb1c078-3cd0-4e64-8300-7d9e407c283a', 'igmtsnayu1pxrrdg48hm7', '2025-06-16T09:00:29.76655+00:00', '2025-06-17T09:00:29.718+00:00', true),
('42adb0c4-e362-487c-bcb7-088ffc5b6868', 'fbb1c078-3cd0-4e64-8300-7d9e407c283a', 'oet9k5rzymp1prg7y6kf', '2025-06-16T09:00:30.523703+00:00', '2025-06-17T09:00:30.494+00:00', true),
('fc799fa7-22e9-4cc0-8f1c-e2b7dbfb1d64', '766a41b0-2603-4ba9-b258-d18f899b9768', 'xlbiw073znt3396183hi', '2025-06-21T20:33:56.688086+00:00', '2025-06-22T20:33:56.513+00:00', true),
('708217a6-563a-4a5c-8836-391be5329b50', '766a41b0-2603-4ba9-b258-d18f899b9768', 'ulnvjap1siiv0xz5i6zn4', '2025-07-02T20:24:58.803+00:00', '2025-07-03T20:24:34.665+00:00', true),
('96a9197e-0778-4117-85cc-71c3c6e603ef', '65c26636-7f75-4af8-93cd-78b28b77789c', 's1cenwtn7721m3h6lwuvu', '2025-07-17T14:14:22.144153+00:00', '2025-07-18T14:14:23.498+00:00', false),
('37ca0f39-c516-4e68-9803-5ee8fb86d559', '65c26636-7f75-4af8-93cd-78b28b77789c', '8sqpjeu37y30uyek1xxzn5f', '2025-07-17T14:25:24.587286+00:00', '2025-07-18T14:25:26.102+00:00', false),
('6e10ee3d-9de3-497c-a1fa-6913622a2f81', '65c26636-7f75-4af8-93cd-78b28b77789c', 'nbzioq5agymk8hiayt2tr', '2025-07-17T17:40:49.946481+00:00', '2025-07-18T17:40:49.791+00:00', false),
('251aeab1-d36f-4742-8db6-f67c4b6b2ddc', '65c26636-7f75-4af8-93cd-78b28b77789c', '22r47hafbvhy0m3e1m5xlb', '2025-07-17T18:02:48.149649+00:00', '2025-07-18T18:02:48.036+00:00', false),
('7912c806-07fa-45d6-9487-d61ea3f10156', '65c26636-7f75-4af8-93cd-78b28b77789c', 'xz4vxsy0u3l6yvano18rge', '2025-07-17T20:51:33.854067+00:00', '2025-07-18T20:51:34.061+00:00', false);

-- Data for public.org_buttons
INSERT INTO public.org_buttons (id, organization_id, section_id, name, url, color, position, created_at, updated_at, icon_name, icon_color, display_type, thumbnail_url, domain_hash, thumbnail_cached_at, thumbnail_fetch_status) VALUES
('42823def-e211-4b10-bec7-460c03177581', '13043f77-f9ab-4af3-bc65-ece3b1a7fb0e', '0e556020-4f57-4c3e-ac0d-f7b306c26c42', 'Google', 'https://www.google.com/', '#4F46E5', 0, '2025-06-15T16:05:06.598969+00:00', '2025-06-15T16:05:06.598969+00:00', NULL, NULL, 'icon', NULL, NULL, NULL, 'not_attempted'),
('2b079d49-d1c5-449d-a725-aee734b2281f', 'b37e2057-44c5-44c5-b335-249c69a503fe', '46bfe230-d1cd-46b6-906a-6d17b9e2a799', 'test', 'jptgroup.co.uk', '#4F46E5', 1, '2025-08-23T02:40:23.094268+00:00', '2025-08-23T02:40:23.094268+00:00', NULL, NULL, 'thumbnail', 'https://fudnmxwjscjjoenkndze.supabase.co/storage/v1/object/public/thumbnails/00e2310f9abe2772-1755916841079.png', NULL, NULL, 'success'),
('e082059c-8739-49e6-ad4e-263f3b9afee3', 'b37e2057-44c5-44c5-b335-249c69a503fe', '46bfe230-d1cd-46b6-906a-6d17b9e2a799', 'test2', 'jptgroup.co.uk', '#4F46E5', 2, '2025-08-23T02:42:09.702049+00:00', '2025-08-23T02:42:09.702049+00:00', NULL, NULL, 'thumbnail', NULL, NULL, NULL, 'not_attempted'),
('3b7a7114-3c7c-40d4-b30e-18bcc887d518', '86a3478f-b94f-4963-b610-c623df262637', 'eb0da08c-4d6e-45e3-8901-8073f0699283', 'Ubiquiti', 'https://eu.store.ui.com/', '#4F46E5', 12, '2025-08-18T09:24:36.147764+00:00', '2025-08-18T09:24:36.147764+00:00', NULL, NULL, 'thumbnail', 'https://fudnmxwjscjjoenkndze.supabase.co/storage/v1/object/public/thumbnails/57bb7bee50255e2a-1755649246216.png', NULL, NULL, 'success'),
('2fdc9a8d-bea3-4d3b-99a6-24b82a2acf7f', '86a3478f-b94f-4963-b610-c623df262637', 'eb0da08c-4d6e-45e3-8901-8073f0699283', 'UX', 'https://ux.co.uk/', '#4F46E5', 12, '2025-08-18T09:24:36.17202+00:00', '2025-08-18T09:24:36.17202+00:00', NULL, NULL, 'thumbnail', 'https://fudnmxwjscjjoenkndze.supabase.co/storage/v1/object/public/thumbnails/9c2d0e07f04d4bf6-1755649233834.png', NULL, NULL, 'success'),
('6ff2d41c-b786-48e5-82e0-ee7d989e796e', '86a3478f-b94f-4963-b610-c623df262637', 'eb0da08c-4d6e-45e3-8901-8073f0699283', 'Scan', 'https://www.scan.co.uk/', '#4F46E5', 4, '2025-08-18T09:23:08.452043+00:00', '2025-08-18T09:23:08.452043+00:00', NULL, NULL, 'thumbnail', 'https://fudnmxwjscjjoenkndze.supabase.co/storage/v1/object/public/thumbnails/90c882879e38231f-1755649797302.png', NULL, NULL, 'success'),
('532ef050-11de-433a-acd1-ef409976415e', '86a3478f-b94f-4963-b610-c623df262637', 'eb0da08c-4d6e-45e3-8901-8073f0699283', 'Office 2024', 'https://www.cjs-cdkeys.com/products/Microsoft-Office-Standard-2024-CD-Key-(Digital-Download).html?setCurrencyId=1&gad_source=4&gad_campaignid=17336357013&gbraid=0AAAAAD5cRK5tPVC18M7wYOiMaer8pR77s&gclid=CjwKCAjwg7PDBhBxEiwAf1CVu_MfFu4TksfdVMgCQzIWRaCtIMmRMYp9sAOaet6eM_bJnTHVm8xz_BoCSogQAvD_BwE', '#4F46E5', 3, '2025-08-18T09:20:39.875843+00:00', '2025-08-18T09:20:39.875843+00:00', NULL, NULL, 'thumbnail', 'https://fudnmxwjscjjoenkndze.supabase.co/storage/v1/object/public/thumbnails/a96c57e4af1ce7d4-1755649762768.png', NULL, NULL, 'success'),
('414fe30b-7000-4b9b-9a9c-c19f9a6de35b', '86a3478f-b94f-4963-b610-c623df262637', 'eb0da08c-4d6e-45e3-8901-8073f0699283', 'eBuyer', 'https://www.ebuyer.com/', '#4F46E5', 8, '2025-08-18T09:23:08.463469+00:00', '2025-08-18T09:23:08.463469+00:00', NULL, NULL, 'thumbnail', 'https://fudnmxwjscjjoenkndze.supabase.co/storage/v1/object/public/thumbnails/9c547235ee78c649-1755649803548.png', NULL, NULL, 'success'),
('a0668615-7317-4036-a36c-bbbaf620f8e4', '86a3478f-b94f-4963-b610-c623df262637', 'eb0da08c-4d6e-45e3-8901-8073f0699283', 'Windows 11 Pro', 'https://www.gamers-outlet.net/en/buy-windows-11-pro-cd-key-oem-microsoft-global-1?currency=USD&gad_source=1&gclid=CjwKCAiAtYy9BhBcEiwANWQQL6GmcFDuWbowf_MMECAedXCSx8jZTB2VEyQ0D0Mw8K79zjrssssojRoC4CQQAvD_BwE', '#4F46E5', 1, '2025-08-18T09:20:00.597048+00:00', '2025-08-18T09:20:00.597048+00:00', NULL, NULL, 'thumbnail', 'https://fudnmxwjscjjoenkndze.supabase.co/storage/v1/object/public/thumbnails/c137d5cfe39697c5-1755649778576.png', NULL, NULL, 'success'),
('eaaa4441-c51b-44a2-b73f-45023cfac0cf', '86a3478f-b94f-4963-b610-c623df262637', 'eb0da08c-4d6e-45e3-8901-8073f0699283', 'Security Dynamics', 'https://www.securitydynamics.co.uk/', '#4F46E5', 8, '2025-08-18T09:23:08.451432+00:00', '2025-08-18T09:23:08.451432+00:00', NULL, NULL, 'thumbnail', 'https://fudnmxwjscjjoenkndze.supabase.co/storage/v1/object/public/thumbnails/a1c482b73ce89ec9-1755649790980.png', NULL, NULL, 'success'),
('f3f3a771-8f05-4c41-8935-9a43efeefd6e', '86a3478f-b94f-4963-b610-c623df262637', 'eb0da08c-4d6e-45e3-8901-8073f0699283', 'Broadband Buyer', 'https://www.broadbandbuyer.com/', '#4F46E5', 5, '2025-08-18T09:22:07.938322+00:00', '2025-08-18T09:22:07.938322+00:00', NULL, NULL, 'thumbnail', 'https://fudnmxwjscjjoenkndze.supabase.co/storage/v1/object/public/thumbnails/6bde0f5e28fa1e6d-1755649785568.png', NULL, NULL, 'success'),
('f1f8ec67-ff62-4148-99f0-a9aaf34c7204', '86a3478f-b94f-4963-b610-c623df262637', 'eb0da08c-4d6e-45e3-8901-8073f0699283', '4Gon', '4gon.co.uk', '#4F46E5', 12, '2025-08-18T09:24:36.155059+00:00', '2025-08-18T09:24:36.155059+00:00', NULL, NULL, 'thumbnail', 'https://fudnmxwjscjjoenkndze.supabase.co/storage/v1/object/public/thumbnails/9bdefa81ef44cd3c-1755649808169.png', NULL, NULL, 'success'),
('38beb9df-be01-4a2b-85bb-594b2bf9afd2', '86a3478f-b94f-4963-b610-c623df262637', '54c9626b-22b8-4cfb-8cf9-9967cba96eb4', 'Support Portal', 'https://support.jptgroup.co.uk/', '#06B6D4', 0, '2025-07-11T12:00:42.752456+00:00', '2025-07-11T12:00:42.752456+00:00', 'headphones', '#3B82F6', 'icon', NULL, NULL, NULL, 'not_attempted'),
('a8ecc92d-182c-4fac-bec8-f8d4c32a2197', '86a3478f-b94f-4963-b610-c623df262637', 'eb0da08c-4d6e-45e3-8901-8073f0699283', 'Ubiquiti', 'https://eu.store.ui.com/', '#4F46E5', 13, '2025-08-18T09:24:56.947072+00:00', '2025-08-18T09:24:56.947072+00:00', NULL, NULL, 'thumbnail', 'https://fudnmxwjscjjoenkndze.supabase.co/storage/v1/object/public/thumbnails/57bb7bee50255e2a-1755649820910.png', NULL, NULL, 'success'),
('68478284-9cf1-4481-a16b-319cff5bca8e', '86a3478f-b94f-4963-b610-c623df262637', '1fbfdf70-dac0-4f83-9a44-d20b4ca110c2', 'iBillie', 'https://ibillie.co.uk/Login/Login?ReturnUrl=%2f', '#4F46E5', 6, '2025-08-18T09:41:34.390201+00:00', '2025-08-18T09:41:34.390201+00:00', NULL, NULL, 'thumbnail', 'https://fudnmxwjscjjoenkndze.supabase.co/storage/v1/object/public/thumbnails/7ca3a35cf304ff08-1755649923748.png', NULL, NULL, 'success'),
('9f40ae2c-19fe-4f9c-8172-ed3c9ff9751d', '86a3478f-b94f-4963-b610-c623df262637', '1fbfdf70-dac0-4f83-9a44-d20b4ca110c2', 'Dext', 'https://app.dext.com/delta/get-started', '#4F46E5', 6, '2025-08-18T09:41:34.407009+00:00', '2025-08-18T09:41:34.407009+00:00', NULL, NULL, 'thumbnail', 'https://fudnmxwjscjjoenkndze.supabase.co/storage/v1/object/public/thumbnails/b1c0de0c334c8d5c-1755653555461.png', NULL, NULL, 'success'),
('4b5678f2-6d7b-4f9b-9409-0552f1966456', '86a3478f-b94f-4963-b610-c623df262637', 'c071e2ef-0f79-4179-9ecb-3c11e217d271', 'PandaDoc', 'https://pandadoc.com/', '#8B5CF6', 0, '2025-07-11T12:00:42.752456+00:00', '2025-07-11T12:00:42.752456+00:00', 'file-signature', '#8B5CF6', 'thumbnail', 'https://fudnmxwjscjjoenkndze.supabase.co/storage/v1/object/public/thumbnails/7acc8ee2e90c3d6c-1755653572896.png', NULL, NULL, 'success'),
('9e7a5d20-a5e6-4481-aca8-cb6340b25e60', '86a3478f-b94f-4963-b610-c623df262637', 'c071e2ef-0f79-4179-9ecb-3c11e217d271', 'Google Workspace', 'https://workspace.google.com/', '#8B5CF6', 2, '2025-07-11T12:00:42.752456+00:00', '2025-07-11T12:00:42.752456+00:00', 'folder', '#8B5CF6', 'thumbnail', 'https://fudnmxwjscjjoenkndze.supabase.co/storage/v1/object/public/thumbnails/86131160c687473b-1755653594720.png', NULL, NULL, 'success'),
('e01fd26a-88b7-4ec5-8098-6bbd38eb84ac', '86a3478f-b94f-4963-b610-c623df262637', 'c071e2ef-0f79-4179-9ecb-3c11e217d271', 'Trello', 'https://trello.com/', '#8B5CF6', 1, '2025-07-11T12:00:42.752456+00:00', '2025-07-11T12:00:42.752456+00:00', 'trello', '#8B5CF6', 'thumbnail', 'https://fudnmxwjscjjoenkndze.supabase.co/storage/v1/object/public/thumbnails/2545d6f01d83abfb-1755653588887.png', NULL, NULL, 'success'),
('e2f44cd5-19e3-4119-8ce0-067821835f28', '86a3478f-b94f-4963-b610-c623df262637', '7789b488-2b9c-4ff1-85a6-0bef53659658', 'JPTech Website', 'https://jptgroup.co.uk/', '#06B6D4', 1, '2025-07-11T12:00:42.752456+00:00', '2025-07-11T12:00:42.752456+00:00', 'globe', '#06B6D4', 'icon_and_thumbnail', 'https://fudnmxwjscjjoenkndze.supabase.co/storage/v1/object/public/thumbnails/00e2310f9abe2772-1755657590551.png', NULL, NULL, 'success'),
('cae49729-8a06-4861-80a9-ae6b65ebca15', '86a3478f-b94f-4963-b610-c623df262637', '54c9626b-22b8-4cfb-8cf9-9967cba96eb4', 'Threat Down OneView', 'https://oneview.threatdown.com/auth/2fa-verification', '#4F46E5', 6, '2025-08-18T09:28:59.062951+00:00', '2025-08-18T09:28:59.062951+00:00', NULL, NULL, 'icon', 'https://fudnmxwjscjjoenkndze.supabase.co/storage/v1/object/public/thumbnails/de1fa5fab321ebf5-1755657611773.png', NULL, NULL, 'success'),
('96a8178a-f02c-4158-a779-1f89aa7a51af', '86a3478f-b94f-4963-b610-c623df262637', '54c9626b-22b8-4cfb-8cf9-9967cba96eb4', 'Screen Connect', 'https://jptgroup.screenconnect.com/Host#Support/All%20Sessions//820768de-e474-4097-8944-2a17ac3dfc9e/Start', '#4F46E5', 5, '2025-08-18T09:28:23.912479+00:00', '2025-08-18T09:28:23.912479+00:00', NULL, NULL, 'icon', 'https://fudnmxwjscjjoenkndze.supabase.co/storage/v1/object/public/thumbnails/c6de027871efb66d-1755657604562.png', NULL, NULL, 'success'),
('6977b3a6-67cf-4aeb-a6db-651392eff687', '86a3478f-b94f-4963-b610-c623df262637', '54c9626b-22b8-4cfb-8cf9-9967cba96eb4', 'RepairDesk', 'https://repairdesk.co/', '#F97316', 1, '2025-07-11T12:00:42.752456+00:00', '2025-07-11T12:00:42.752456+00:00', 'wrench', '#3B82F6', 'icon', NULL, NULL, NULL, 'not_attempted'),
('3ee0045c-a965-4065-8b42-f43fde8b446b', '86a3478f-b94f-4963-b610-c623df262637', '54c9626b-22b8-4cfb-8cf9-9967cba96eb4', 'Help Desk Tickets', 'https://support.jptgroup.co.uk/admin/admin_main.php', '#F59E0B', 4, '2025-07-11T12:00:42.752456+00:00', '2025-07-11T12:00:42.752456+00:00', 'store', '#6610F2', 'icon', NULL, NULL, NULL, 'not_attempted'),
('08e021ff-ddf8-4bdd-bc58-5033ddbdd2f8', 'e2bd1343-2c68-4b53-8b71-e37f6fffb39a', 'ea3b84f3-742b-44f9-b729-135b6f28847b', 'How does it go ?', 'https://google.com', '#4F46E5', 1, '2025-07-16T09:11:52.545309+00:00', '2025-07-16T09:11:52.545309+00:00', NULL, NULL, 'icon', NULL, NULL, NULL, 'not_attempted'),
('877aab31-9c70-45f0-8fa4-e03a38fb7515', '86a3478f-b94f-4963-b610-c623df262637', '7789b488-2b9c-4ff1-85a6-0bef53659658', 'Newsletter', 'https://mailchimp.com/', '#06B6D4', 5, '2025-07-11T12:00:42.752456+00:00', '2025-07-11T12:00:42.752456+00:00', 'newspaper', '#06B6D4', 'icon', NULL, NULL, NULL, 'not_attempted'),
('da60c277-0430-4fea-9447-d1eacac5ff04', '86a3478f-b94f-4963-b610-c623df262637', '7789b488-2b9c-4ff1-85a6-0bef53659658', 'Company Email', 'info@jptgroup.co.uk', '#06B6D4', 2, '2025-07-11T12:00:42.752456+00:00', '2025-07-11T12:00:42.752456+00:00', 'mail', '#06B6D4', 'icon', NULL, NULL, NULL, 'not_attempted'),
('f91166c5-0f57-4422-88bd-ae9d21a0739c', '1d01cccb-a5c2-4bc7-b1e8-109f9968c537', 'f2203cad-2ec0-4f57-ab4d-25b33461f9e7', 'bon', 'http://chase.com', '#4F46E5', 1, '2025-08-01T14:19:01.414983+00:00', '2025-08-01T14:19:01.414983+00:00', NULL, NULL, 'icon', NULL, NULL, NULL, 'not_attempted'),
('5a177285-6969-4050-b7dc-ff95ebae1624', '86a3478f-b94f-4963-b610-c623df262637', '54c9626b-22b8-4cfb-8cf9-9967cba96eb4', 'Tawk To - Live Chat System', 'https://www.tawk.to/', '#F97316', 3, '2025-07-11T12:00:42.752456+00:00', '2025-07-11T12:00:42.752456+00:00', 'fire', '#3B82F6', 'icon', NULL, NULL, NULL, 'not_attempted'),
('152e99eb-e58d-495a-9912-62cb3fd32d65', '86a3478f-b94f-4963-b610-c623df262637', '54c9626b-22b8-4cfb-8cf9-9967cba96eb4', 'GLPI CRM', 'https://crm.jptgroup.co.uk/index.php?redirect=%2Ffront%2Fuser.php&error=3', '#4F46E5', 6, '2025-08-18T09:29:28.831525+00:00', '2025-08-18T09:29:28.831525+00:00', NULL, NULL, 'icon', NULL, NULL, NULL, 'not_attempted'),
('fb788e02-6d17-424f-b497-d29b85eb8497', '86a3478f-b94f-4963-b610-c623df262637', '54c9626b-22b8-4cfb-8cf9-9967cba96eb4', 'JPTech Local Server', 'http://10.0.0.111/VMs', '#4F46E5', 8, '2025-08-18T09:31:04.490339+00:00', '2025-08-18T09:31:04.490339+00:00', NULL, NULL, 'icon', NULL, NULL, NULL, 'not_attempted'),
('679de964-a271-495a-b511-a15176a7f437', '86a3478f-b94f-4963-b610-c623df262637', '1fbfdf70-dac0-4f83-9a44-d20b4ca110c2', 'Reseller Billing JPTech', 'https://resellerbilling.jptgroup.co.uk/auth', '#4F46E5', 6, '2025-08-18T09:41:34.396733+00:00', '2025-08-18T09:41:34.396733+00:00', NULL, NULL, 'icon', 'https://fudnmxwjscjjoenkndze.supabase.co/storage/v1/object/public/thumbnails/39e9afe58158b326-1755836778906.png', NULL, NULL, 'success'),
('2f5afea2-6b5b-468c-a01a-deb3a6e71237', 'b37e2057-44c5-44c5-b335-249c69a503fe', '46bfe230-d1cd-46b6-906a-6d17b9e2a799', 'ertyui', 'jptgroup.co.uk', '#4F46E5', 3, '2025-08-23T02:43:25.019318+00:00', '2025-08-23T02:43:25.019318+00:00', NULL, NULL, 'icon', NULL, NULL, NULL, 'not_attempted'),
('288bd0b4-7086-44b2-958a-60de036366aa', '86a3478f-b94f-4963-b610-c623df262637', 'eb0da08c-4d6e-45e3-8901-8073f0699283', 'Bria', 'https://www.vsip.co.uk/product/counterpath-bria-enterprise-basic-user-licence-annual-billing', '#4F46E5', 4, '2025-08-18T09:21:19.682252+00:00', '2025-08-18T09:21:19.682252+00:00', NULL, NULL, 'thumbnail', 'https://fudnmxwjscjjoenkndze.supabase.co/storage/v1/object/public/thumbnails/630d618163d23671-1755649754975.png', NULL, NULL, 'success'),
('a6dbb2b5-5db1-4179-a698-f90766274e74', '86a3478f-b94f-4963-b610-c623df262637', 'eb0da08c-4d6e-45e3-8901-8073f0699283', 'Office 2021', 'https://www.gamers-outlet.net/en/microsoft-office-2021-professional-plus-iso?_gl=1*pe91y5*_up*MQ..*_gs*MQ..&gclid=CjwKCAiAtYy9BhBcEiwANWQQL6GmcFDuWbowf_MMECAedXCSx8jZTB2VEyQ0D0Mw8K79zjrssssojRoC4CQQAvD_BwE', '#4F46E5', 3, '2025-08-18T09:20:39.870406+00:00', '2025-08-18T09:20:39.870406+00:00', NULL, NULL, 'thumbnail', 'https://fudnmxwjscjjoenkndze.supabase.co/storage/v1/object/public/thumbnails/c137d5cfe39697c5-1755649772593.png', NULL, NULL, 'success'),
('2acc617d-38f9-4981-8258-4da49cc891d7', '86a3478f-b94f-4963-b610-c623df262637', 'eb0da08c-4d6e-45e3-8901-8073f0699283', 'All Trade', 'https://www.alltrade.co.uk/', '#4F46E5', 14, '2025-08-18T09:49:14.089819+00:00', '2025-08-18T09:49:14.089819+00:00', NULL, NULL, 'thumbnail', 'https://fudnmxwjscjjoenkndze.supabase.co/storage/v1/object/public/thumbnails/4b78fa47a44f987a-1755649828140.png', NULL, NULL, 'success'),
('f9a1c4d5-554c-479f-a5fb-bd743af0fbe1', '86a3478f-b94f-4963-b610-c623df262637', 'eb0da08c-4d6e-45e3-8901-8073f0699283', 'VoIP On', 'https://www.voipon.co.uk/', '#4F46E5', 12, '2025-08-18T09:24:36.166122+00:00', '2025-08-18T09:24:36.166122+00:00', NULL, NULL, 'thumbnail', 'https://fudnmxwjscjjoenkndze.supabase.co/storage/v1/object/public/thumbnails/c66fd59d94e45768-1755649814369.png', NULL, NULL, 'success'),
('fa678345-a4ed-472f-855a-3f96ab41f0b8', '86a3478f-b94f-4963-b610-c623df262637', '54c9626b-22b8-4cfb-8cf9-9967cba96eb4', 'Bria Provisioning', 'https://ccs3.cloudprovisioning.com:18083/stretto/sam.html', '#4F46E5', 11, '2025-08-18T09:32:33.406398+00:00', '2025-08-18T09:32:33.406398+00:00', NULL, NULL, 'icon', 'https://fudnmxwjscjjoenkndze.supabase.co/storage/v1/object/public/thumbnails/0c5f1e6a6e07a78b-1755649911835.png', '0c5f1e6a6e07a78b', '2025-08-20T00:31:51.977+00:00', 'success'),
('1a9114b4-4b96-4694-89ad-d071974519c2', '86a3478f-b94f-4963-b610-c623df262637', '1fbfdf70-dac0-4f83-9a44-d20b4ca110c2', 'Payment Sense', 'https://myaccount.paymentsense.com/login', '#4F46E5', 3, '2025-08-18T09:40:28.100916+00:00', '2025-08-18T09:40:28.100916+00:00', NULL, NULL, 'thumbnail', 'https://fudnmxwjscjjoenkndze.supabase.co/storage/v1/object/public/thumbnails/9ac267309fd1f7fe-1755649917900.png', NULL, NULL, 'success'),
('23fc800d-a115-46d6-8b8d-4f369c6f1e9c', '86a3478f-b94f-4963-b610-c623df262637', '1fbfdf70-dac0-4f83-9a44-d20b4ca110c2', 'Xero Accounting', 'https://xero.com/', '#F59E0B', 0, '2025-07-11T12:00:42.752456+00:00', '2025-07-11T12:00:42.752456+00:00', 'calculator', '#F59E0B', 'icon_and_thumbnail', 'https://fudnmxwjscjjoenkndze.supabase.co/storage/v1/object/public/thumbnails/901b9cb54fc763b2-1755657552323.png', NULL, NULL, 'success'),
('500d16c2-231b-4f33-aa7f-c2ff29ea8033', '86a3478f-b94f-4963-b610-c623df262637', '1fbfdf70-dac0-4f83-9a44-d20b4ca110c2', 'GoCardless', 'https://xero.gocardless.com/merchant/customers', '#4F46E5', 3, '2025-08-18T09:40:28.09798+00:00', '2025-08-18T09:40:28.09798+00:00', NULL, NULL, 'thumbnail', 'https://fudnmxwjscjjoenkndze.supabase.co/storage/v1/object/public/thumbnails/e19df4e3a325844c-1755657545992.png', NULL, NULL, 'success'),
('9672e45f-5ef6-4b1d-8ff8-ae94f9d97c8e', '86a3478f-b94f-4963-b610-c623df262637', '54c9626b-22b8-4cfb-8cf9-9967cba96eb4', 'iMin', 'https://kit.imin.sg/user/login', '#4F46E5', 9, '2025-08-18T09:31:23.389807+00:00', '2025-08-18T09:31:23.389807+00:00', NULL, NULL, 'thumbnail', 'https://fudnmxwjscjjoenkndze.supabase.co/storage/v1/object/public/thumbnails/e80e92b99778baed-1755657563102.png', NULL, NULL, 'success'),
('34d8e882-83b7-4402-b7e5-919a70848140', '86a3478f-b94f-4963-b610-c623df262637', '54c9626b-22b8-4cfb-8cf9-9967cba96eb4', 'Unifi Ubiquiti', 'https://unifi.ui.com/consoles', '#4F46E5', 8, '2025-08-18T09:30:24.109981+00:00', '2025-08-18T09:30:24.109981+00:00', NULL, NULL, 'thumbnail', 'https://fudnmxwjscjjoenkndze.supabase.co/storage/v1/object/public/thumbnails/f15d437c6588f6e5-1755657626562.png', NULL, NULL, 'success');

-- Data for public.org_sections
INSERT INTO public.org_sections (id, organization_id, title, position, created_at, updated_at) VALUES
('0e556020-4f57-4c3e-ac0d-f7b306c26c42', '13043f77-f9ab-4af3-bc65-ece3b1a7fb0e', 'Test Section', 0, '2025-06-15T16:04:37.4162+00:00', '2025-06-15T16:04:37.4162+00:00'),
('d70ae8d9-b41a-45df-b69f-d5fbad5a63f8', '13043f77-f9ab-4af3-bc65-ece3b1a7fb0e', 'Section 2', 1, '2025-06-16T00:34:02.133606+00:00', '2025-06-16T00:34:02.133606+00:00'),
('da637ba1-c78c-42d8-9eab-49589f868349', '13043f77-f9ab-4af3-bc65-ece3b1a7fb0e', 'Section 3', 2, '2025-06-16T00:34:07.060638+00:00', '2025-06-16T00:34:07.060638+00:00'),
('8d17a4fc-0c86-424f-8f6c-b62191b851b7', '13043f77-f9ab-4af3-bc65-ece3b1a7fb0e', 'Section 4', 3, '2025-06-16T00:34:12.177285+00:00', '2025-06-16T00:34:12.177285+00:00'),
('340b8224-9bfd-4a5b-8ebd-a4cae5f9304b', '13043f77-f9ab-4af3-bc65-ece3b1a7fb0e', 'Section 5', 4, '2025-06-16T00:34:16.75065+00:00', '2025-06-16T00:34:16.75065+00:00'),
('2a2bbaf7-9abb-41f3-8744-892dcfcdb4ce', '9beb489e-d00b-4789-871c-630046bee862', 'Section', 0, '2025-06-16T00:36:33.565992+00:00', '2025-06-16T00:36:33.565992+00:00'),
('eb0da08c-4d6e-45e3-8901-8073f0699283', '86a3478f-b94f-4963-b610-c623df262637', 'Suppliers & Procurement', 1, '2025-07-11T12:00:42.752456+00:00', '2025-07-11T12:00:42.752456+00:00'),
('7789b488-2b9c-4ff1-85a6-0bef53659658', '86a3478f-b94f-4963-b610-c623df262637', 'Communication & Website', 8, '2025-07-11T12:00:42.752456+00:00', '2025-07-11T12:00:42.752456+00:00'),
('ea3b84f3-742b-44f9-b729-135b6f28847b', 'e2bd1343-2c68-4b53-8b71-e37f6fffb39a', 'Test Section', 1, '2025-07-16T09:11:52.176525+00:00', '2025-07-16T09:11:52.176525+00:00'),
('c071e2ef-0f79-4179-9ecb-3c11e217d271', '86a3478f-b94f-4963-b610-c623df262637', 'Document & Project Management', 7, '2025-07-11T12:00:42.752456+00:00', '2025-07-11T12:00:42.752456+00:00'),
('f2203cad-2ec0-4f57-ab4d-25b33461f9e7', '1d01cccb-a5c2-4bc7-b1e8-109f9968c537', 'hun', 1, '2025-08-01T14:19:00.589161+00:00', '2025-08-01T14:19:00.589161+00:00'),
('1fbfdf70-dac0-4f83-9a44-d20b4ca110c2', '86a3478f-b94f-4963-b610-c623df262637', 'Financial & Accounting', 6, '2025-07-11T12:00:42.752456+00:00', '2025-07-11T12:00:42.752456+00:00'),
('54c9626b-22b8-4cfb-8cf9-9967cba96eb4', '86a3478f-b94f-4963-b610-c623df262637', 'Support & CRM', 4, '2025-07-11T12:00:42.752456+00:00', '2025-07-11T12:00:42.752456+00:00'),
('46bfe230-d1cd-46b6-906a-6d17b9e2a799', 'b37e2057-44c5-44c5-b335-249c69a503fe', 'test', 2, '2025-08-23T02:40:22.932752+00:00', '2025-08-23T02:40:22.932752+00:00');

-- Data for public.organization_invitations
INSERT INTO public.organization_invitations (id, organization_id, email, role, token, invited_by, status, created_at, updated_at, expires_at) VALUES
('a1130b7f-d5c8-4caa-ba27-619bbc300e99', '13043f77-f9ab-4af3-bc65-ece3b1a7fb0e', 'sid.demiraj@outlook.com', 'member', 'daa9549a-bee6-4247-8eb2-dd7265dee23c', 'fbb1c078-3cd0-4e64-8300-7d9e407c283a', 'accepted', '2025-06-15T20:53:06.991355+00:00', '2025-06-15T21:38:02.366+00:00', '2025-06-22T20:53:06.991355+00:00'),
('5512fd03-8f6c-456f-a9c1-877b5b809ea9', 'fa5e05bc-5431-4e3f-a2be-6c00714c508c', 'paracras@outlook.com', 'member', 'b5a27873-8eb7-41be-beb0-60643cd08a71', '31f658a4-fdc7-44cb-aa31-c1eb69a07deb', 'accepted', '2025-06-15T21:48:57.013758+00:00', '2025-06-15T22:02:32.015+00:00', '2025-06-22T21:48:57.013758+00:00'),
('3086ee67-d713-4b8a-9e05-8bcb370b752a', '13043f77-f9ab-4af3-bc65-ece3b1a7fb0e', 'sid.demiraj@outlook.com', 'admin', 'addb389c-dcf0-4942-849a-8d52aea96a77', 'fbb1c078-3cd0-4e64-8300-7d9e407c283a', 'accepted', '2025-06-16T08:53:11.949106+00:00', '2025-06-16T08:53:28.816+00:00', '2025-06-23T08:53:11.949106+00:00'),
('1e7e97c8-9eb9-4900-9323-8daf0046f020', '13043f77-f9ab-4af3-bc65-ece3b1a7fb0e', 'sid.demiraj@outlook.com', 'member', '1dd883f1-c512-41ef-8fe9-0e8c4288bfd0', 'fbb1c078-3cd0-4e64-8300-7d9e407c283a', 'accepted', '2025-06-16T09:00:39.842436+00:00', '2025-06-16T09:00:59.959+00:00', '2025-06-23T09:00:39.842436+00:00'),
('f4e4008a-24aa-409f-990a-326509865ec2', '86a3478f-b94f-4963-b610-c623df262637', 'express.gross@gmail.com', 'member', '17d0a224-2724-4c30-8308-7f2fb5c31612', '766a41b0-2603-4ba9-b258-d18f899b9768', 'accepted', '2025-06-21T20:34:13.370183+00:00', '2025-06-21T20:34:33.581+00:00', '2025-06-28T20:34:13.370183+00:00'),
('ae4e7220-5bcb-4d2c-aa14-d0c4b0fd78d8', '13043f77-f9ab-4af3-bc65-ece3b1a7fb0e', 'sidritsdemiraj@gmail.com', 'member', '8aec0f92-3020-4668-8274-366ee6b4a86b', 'fbb1c078-3cd0-4e64-8300-7d9e407c283a', 'accepted', '2025-06-29T19:12:03.671886+00:00', '2025-06-29T19:13:09.803+00:00', '2025-07-06T19:12:03.671886+00:00'),
('e0dab574-6a5a-4a68-b69f-99c8636b2473', '86a3478f-b94f-4963-b610-c623df262637', 'info@jptgroup.co.uk', 'member', '75b4c175-a2c7-46d5-ba4e-8b0f817209fe', '766a41b0-2603-4ba9-b258-d18f899b9768', 'accepted', '2025-07-07T21:26:28.328865+00:00', '2025-07-07T22:00:38.035+00:00', '2025-07-14T21:26:28.328865+00:00'),
('49b27078-cc4f-4397-adf4-ce5f0829fd2d', '86a3478f-b94f-4963-b610-c623df262637', 'david@jptgroup.co.uk', 'admin', 'e07caa67-3644-41d9-9b91-433416cef060', '766a41b0-2603-4ba9-b258-d18f899b9768', 'accepted', '2025-07-07T22:13:30.877942+00:00', '2025-07-08T13:05:43.674+00:00', '2025-07-14T22:13:30.877942+00:00'),
('3fde562a-37f8-42c2-830e-7bb5e0a2353e', '86a3478f-b94f-4963-b610-c623df262637', 'info@jptgroup.co.uk', 'admin', '213deaaf-3789-4f05-9c2b-631214949989', '766a41b0-2603-4ba9-b258-d18f899b9768', 'accepted', '2025-07-17T12:55:52.670916+00:00', '2025-07-17T13:26:21.808+00:00', '2025-07-24T12:55:52.670916+00:00'),
('820de6c8-ea76-4a19-b51f-b14dc66aba6e', '86a3478f-b94f-4963-b610-c623df262637', 'express.gross@gmail.com', 'member', 'bad624ce-6545-4ebd-8bcb-f97df3562bdd', '4350e472-57e1-4431-a2cb-fe33bdb3eef0', 'accepted', '2025-07-17T14:12:17.404486+00:00', '2025-07-17T14:14:06.612+00:00', '2025-07-24T14:12:17.404486+00:00'),
('641a301a-7728-4082-a16e-8714d0bb88be', 'b37e2057-44c5-44c5-b335-249c69a503fe', 'joseph@jptgroup.co.uk', 'member', '88c49f0f-ce4a-4995-9652-694963291d16', '65c26636-7f75-4af8-93cd-78b28b77789c', 'accepted', '2025-08-23T02:36:48.07104+00:00', '2025-08-23T02:38:54.607+00:00', '2025-08-30T02:36:48.07104+00:00');

-- Data for public.organization_members
INSERT INTO public.organization_members (id, organization_id, role, joined_at, user_id) VALUES
('5c980ae8-6905-4b41-9faf-d1150e7099bc', '86a3478f-b94f-4963-b610-c623df262637', 'owner', '2025-06-15T16:01:33.423901+00:00', '766a41b0-2603-4ba9-b258-d18f899b9768'),
('694322da-5a20-4ff3-9742-a5c173e95522', '13043f77-f9ab-4af3-bc65-ece3b1a7fb0e', 'owner', '2025-06-15T16:01:33.423901+00:00', 'fbb1c078-3cd0-4e64-8300-7d9e407c283a'),
('7a851e9a-a4f4-4838-ae19-459e3fa6aa18', '9beb489e-d00b-4789-871c-630046bee862', 'owner', '2025-06-16T00:26:19.410594+00:00', 'fbb1c078-3cd0-4e64-8300-7d9e407c283a'),
('da109648-80ea-431f-9c57-75c355579584', 'fa5e05bc-5431-4e3f-a2be-6c00714c508c', 'owner', '2025-06-16T08:40:19.104471+00:00', '31f658a4-fdc7-44cb-aa31-c1eb69a07deb'),
('32c25378-c854-4a1d-9531-28367bb1859d', '13043f77-f9ab-4af3-bc65-ece3b1a7fb0e', 'member', '2025-06-16T09:00:59.893504+00:00', '31f658a4-fdc7-44cb-aa31-c1eb69a07deb'),
('1e5d00e0-1311-4874-850f-fb7dc359ea19', 'fa3d8556-49cd-480e-afbd-21f8c30d93dd', 'owner', '2025-06-20T09:43:23.764539+00:00', '3d948ad2-4a56-4a2c-a4df-1c9d532e5010'),
('45a37cb6-273e-4a4f-821c-c403b73d93fc', '13043f77-f9ab-4af3-bc65-ece3b1a7fb0e', 'member', '2025-06-29T19:13:09.713204+00:00', '3a7a4057-e75a-4b7a-923e-d3014c5c13e9'),
('acbafbbc-f626-48af-a3df-d5c2d9f0fea1', '86a3478f-b94f-4963-b610-c623df262637', 'admin', '2025-07-08T13:05:43.661554+00:00', '5bfd354a-531c-4323-b6b6-0c4d202b7094'),
('f6310cb1-56c9-4894-aa17-baae02dc273f', '79cd1d53-92a8-4dd6-ade8-2fe8f4f0d6c4', 'owner', '2025-07-15T02:02:19.15699+00:00', '766a41b0-2603-4ba9-b258-d18f899b9768'),
('f162daa5-b4a3-4bec-a92d-9256869d83f3', 'e2bd1343-2c68-4b53-8b71-e37f6fffb39a', 'owner', '2025-07-16T09:10:19.41838+00:00', 'abf297bb-f4b6-4417-9c47-51ccbcb56c93'),
('19b65b45-6396-4752-825f-4061904774ac', '86a3478f-b94f-4963-b610-c623df262637', 'admin', '2025-07-17T13:26:21.792793+00:00', '4350e472-57e1-4431-a2cb-fe33bdb3eef0'),
('2ac95ce4-59a7-4161-9d38-b6114db26a47', '86a3478f-b94f-4963-b610-c623df262637', 'member', '2025-07-17T14:14:06.559901+00:00', '65c26636-7f75-4af8-93cd-78b28b77789c'),
('1d88282c-e1f9-4a90-bc20-587c4a863467', '1d01cccb-a5c2-4bc7-b1e8-109f9968c537', 'owner', '2025-08-01T14:17:59.762158+00:00', '73e329c5-114d-4af3-919c-08e076ff7261'),
('262f4c44-1015-4bb6-8b64-ff5d31a1ab41', '502f50a9-0c99-4095-95f0-d11535c44073', 'owner', '2025-08-02T18:42:12.750938+00:00', '766a41b0-2603-4ba9-b258-d18f899b9768'),
('2ae3a83d-f090-4e1d-b65c-252238e33f28', '1c1e3198-e2e6-419b-9dc4-fc5df4bbe187', 'owner', '2025-08-03T17:16:12.649635+00:00', '120bba5b-7f5e-44db-b465-dc67b667b5d9'),
('1772b629-e889-4d4f-bc17-ea8a6a8fc477', 'b37e2057-44c5-44c5-b335-249c69a503fe', 'owner', '2025-08-22T23:16:05.357173+00:00', '65c26636-7f75-4af8-93cd-78b28b77789c'),
('3897deca-9025-4c1e-b74e-b725a6b85f9b', 'b37e2057-44c5-44c5-b335-249c69a503fe', 'member', '2025-08-23T02:38:54.598321+00:00', '766a41b0-2603-4ba9-b258-d18f899b9768');

-- Data for public.organizations
INSERT INTO public.organizations (id, name, slug, description, settings, created_at, updated_at, is_paid, subscription_status, stripe_customer_id, subscription_id, current_period_end) VALUES
('960034e5-7ceb-4855-81b7-fdb2197a9436', 'Sidrit.Paracras Test Org', 'Sidrit-org-081d2ff', NULL, '{}'::jsonb, '2025-06-20T08:59:35.29436+00:00', '2025-06-20T09:10:56.887+00:00', false, 'inactive', NULL, NULL, NULL),
('fa5e05bc-5431-4e3f-a2be-6c00714c508c', 'sid.demiraj''s Organization', 'sid.demiraj-org-e8357d5', NULL, '{}'::jsonb, '2025-06-15T16:01:33.423901+00:00', '2025-06-15T16:01:33.423901+00:00', false, 'active', NULL, NULL, NULL),
('fa3d8556-49cd-480e-afbd-21f8c30d93dd', 'Test test', 'test-test-5593d61', NULL, '{}'::jsonb, '2025-06-20T09:43:23.764539+00:00', '2025-06-20T09:43:23.764539+00:00', false, 'active', NULL, NULL, NULL),
('13043f77-f9ab-4af3-bc65-ece3b1a7fb0e', 'paracras''s Organization', 'paracras-org-308c82f', NULL, '{}'::jsonb, '2025-06-15T16:01:33.423901+00:00', '2025-06-15T16:01:33.423901+00:00', false, 'active', NULL, NULL, NULL),
('9beb489e-d00b-4789-871c-630046bee862', 'Test', 'test-05eb272', 'testing org creation', '{}'::jsonb, '2025-06-16T00:26:19.410594+00:00', '2025-06-16T00:26:19.410594+00:00', false, 'active', NULL, NULL, NULL),
('86a3478f-b94f-4963-b610-c623df262637', 'JPTech', 'joseph-org-27a7d50', NULL, '{}'::jsonb, '2025-06-15T16:01:33.423901+00:00', '2025-07-11T00:50:46.702+00:00', false, 'active', 'cus_SdbwN6sMicLoQR', NULL, NULL),
('79cd1d53-92a8-4dd6-ade8-2fe8f4f0d6c4', 'hello', 'hello-9f19d9a', NULL, '{}'::jsonb, '2025-07-15T02:02:19.15699+00:00', '2025-07-15T02:02:19.15699+00:00', false, 'inactive', NULL, NULL, NULL),
('e2bd1343-2c68-4b53-8b71-e37f6fffb39a', 'Fluidtrack Systems', 'fluidtrack-systems-4b7b60d', 'This is to test if the data migrations work', '{}'::jsonb, '2025-07-16T09:10:19.41838+00:00', '2025-07-16T09:10:19.41838+00:00', false, 'inactive', NULL, NULL, NULL),
('1d01cccb-a5c2-4bc7-b1e8-109f9968c537', 'ts', 'ts-acc9609', NULL, '{}'::jsonb, '2025-08-01T14:17:59.762158+00:00', '2025-08-01T14:17:59.762158+00:00', false, 'inactive', NULL, NULL, NULL),
('502f50a9-0c99-4095-95f0-d11535c44073', 'JPTech Suppliers', 'jptech-suppliers-22a632d', NULL, '{}'::jsonb, '2025-08-02T18:42:12.750938+00:00', '2025-08-02T18:42:12.750938+00:00', false, 'inactive', NULL, NULL, NULL),
('1c1e3198-e2e6-419b-9dc4-fc5df4bbe187', 'KEZ', 'kez-5d7f6f3', NULL, '{}'::jsonb, '2025-08-03T17:16:12.649635+00:00', '2025-08-03T17:16:12.649635+00:00', false, 'inactive', NULL, NULL, NULL),
('b37e2057-44c5-44c5-b335-249c69a503fe', 'test', 'test-fde2583', NULL, '{}'::jsonb, '2025-08-22T23:16:05.357173+00:00', '2025-08-22T23:16:05.357173+00:00', false, 'inactive', NULL, NULL, NULL);

-- Data for public.profiles
INSERT INTO public.profiles (id, email, first_name, last_name, created_at, updated_at) VALUES
('4350e472-57e1-4431-a2cb-fe33bdb3eef0', 'info@jptgroup.co.uk', NULL, NULL, '2025-06-15T16:01:33.423901+00:00', '2025-06-15T16:01:33.423901+00:00'),
('766a41b0-2603-4ba9-b258-d18f899b9768', 'joseph@jptgroup.co.uk', NULL, NULL, '2025-06-15T16:01:33.423901+00:00', '2025-06-15T16:01:33.423901+00:00'),
('31f658a4-fdc7-44cb-aa31-c1eb69a07deb', 'sid.demiraj@outlook.com', NULL, NULL, '2025-06-15T16:01:33.423901+00:00', '2025-06-15T16:01:33.423901+00:00'),
('fbb1c078-3cd0-4e64-8300-7d9e407c283a', 'paracras@outlook.com', NULL, NULL, '2025-06-15T16:01:33.423901+00:00', '2025-06-15T16:01:33.423901+00:00'),
('3d948ad2-4a56-4a2c-a4df-1c9d532e5010', 'sidrit.paracras@gmail.com', NULL, NULL, '2025-06-20T09:39:29.151444+00:00', '2025-06-20T09:39:29.151444+00:00'),
('65c26636-7f75-4af8-93cd-78b28b77789c', 'express.gross@gmail.com', NULL, NULL, '2025-06-21T20:34:13.490256+00:00', '2025-06-21T20:34:13.490256+00:00'),
('3a7a4057-e75a-4b7a-923e-d3014c5c13e9', 'sidritsdemiraj@gmail.com', NULL, NULL, '2025-06-29T19:12:03.717664+00:00', '2025-06-29T19:12:03.717664+00:00'),
('5bfd354a-531c-4323-b6b6-0c4d202b7094', 'david@jptgroup.co.uk', NULL, NULL, '2025-07-08T13:05:12.325024+00:00', '2025-07-08T13:05:12.325024+00:00'),
('abf297bb-f4b6-4417-9c47-51ccbcb56c93', 'sales@fluidtrack.in', NULL, NULL, '2025-07-16T09:08:48.77346+00:00', '2025-07-16T09:08:48.77346+00:00'),
('73e329c5-114d-4af3-919c-08e076ff7261', 'doxapi7807@misehub.com', NULL, NULL, '2025-08-01T14:17:32.847876+00:00', '2025-08-01T14:17:32.847876+00:00'),
('120bba5b-7f5e-44db-b465-dc67b667b5d9', 'info@kezservices.co.uk', NULL, NULL, '2025-08-03T16:53:43.143221+00:00', '2025-08-03T16:53:43.143221+00:00');

-- No data found for public.rate_limits

-- Data for public.subscription_plans
INSERT INTO public.subscription_plans (id, name, price_per_year, max_members_per_org, features, created_at, updated_at, max_organizations_per_user) VALUES
('4a9dbcea-76f2-41fc-8bb6-23d09f6c00b1', 'Basic', 50, 5, '{"knowledge_base":false,"priority_support":false,"public_dashboard":false}'::jsonb, '2025-05-15T04:16:53.731557+00:00', '2025-05-15T04:16:53.731557+00:00', 1),
('c8ed6449-1722-467c-957f-0bff16674813', 'Free', 0, 10, '{"dashboard":true,"basic_resources":true,"custom_branding":false,"priority_support":false,"premium_resources":false}'::jsonb, '2025-07-02T19:26:31.718401+00:00', '2025-07-02T19:26:31.718401+00:00', 1),
('1dfbd38d-6b86-4c42-b124-1aaafa1d1371', 'Pro', 114, 999999, '{"dashboard":true,"no_branding":true,"priority_support":true,"advanced_features":true,"unlimited_members":true}'::jsonb, '2025-07-02T19:26:31.718401+00:00', '2025-07-02T19:26:31.718401+00:00', 5);

-- Data for public.upgrade_intents
INSERT INTO public.upgrade_intents (id, user_id, action, organization_id, organization_name, organization_description, invite_email, invite_role, stripe_session_id, completed, completed_at, created_at, expires_at) VALUES
('79d69b33-8b65-4fad-b5b0-c57cf5e7d0ae', '766a41b0-2603-4ba9-b258-d18f899b9768', 'create_organization', '86a3478f-b94f-4963-b610-c623df262637', 'Upgrade Organization', NULL, NULL, NULL, 'cs_test_b1gBATn5lxiTQ0sBbbwDCYIVpjKJiJtY6PS1b2RqO4HtUdR7wXIGYr0kwD', false, NULL, '2025-07-02T20:21:59.160831+00:00', '2025-07-02T21:21:59.160831+00:00'),
('615241ed-8821-44d2-bff6-167c3dd706e8', '766a41b0-2603-4ba9-b258-d18f899b9768', 'create_organization', NULL, 'tyhujok;', '', NULL, NULL, NULL, false, NULL, '2025-07-03T00:11:49.590331+00:00', '2025-07-03T01:11:49.590331+00:00'),
('b98962c5-bf80-484c-8ba7-25d1d61f800a', '766a41b0-2603-4ba9-b258-d18f899b9768', 'create_organization', '86a3478f-b94f-4963-b610-c623df262637', 'Upgrade Organization', NULL, NULL, NULL, 'cs_live_b1KpZzKoNXGzNLzpL6oBxIlQ5ooHsMJ9LpHo5GkDFebGypgf40RMrK176k', false, NULL, '2025-07-03T01:04:11.077938+00:00', '2025-07-03T02:04:11.077938+00:00'),
('17438703-5015-44a0-81fe-593f5b32f110', 'fbb1c078-3cd0-4e64-8300-7d9e407c283a', 'create_organization', '13043f77-f9ab-4af3-bc65-ece3b1a7fb0e', 'Upgrade Organization', NULL, NULL, NULL, 'cs_live_b1RDwiekPrOtGm1fUfrky35clDr7JQF8AmyYt6KHahFLeIglPciD5bg0sD', false, NULL, '2025-07-05T11:12:55.231483+00:00', '2025-07-05T12:12:55.231483+00:00'),
('02f9bba9-c972-476e-a61b-43102fb8960a', '766a41b0-2603-4ba9-b258-d18f899b9768', 'create_organization', '86a3478f-b94f-4963-b610-c623df262637', 'Upgrade Organization', NULL, NULL, NULL, NULL, false, NULL, '2025-07-06T15:37:43.864941+00:00', '2025-07-06T16:37:43.864941+00:00'),
('06b37bfd-aa44-47b7-ae64-50624eefdf9e', '766a41b0-2603-4ba9-b258-d18f899b9768', 'create_organization', NULL, NULL, NULL, NULL, NULL, NULL, false, NULL, '2025-07-06T17:39:28.529992+00:00', '2025-07-06T18:39:28.529992+00:00'),
('bf99b950-1070-4465-b561-4e992bacc411', '766a41b0-2603-4ba9-b258-d18f899b9768', 'create_organization', NULL, NULL, NULL, NULL, NULL, NULL, false, NULL, '2025-07-07T12:41:52.012408+00:00', '2025-07-07T13:41:52.012408+00:00'),
('7d69f5d2-70c3-465e-b6dd-520ee8ddf479', '766a41b0-2603-4ba9-b258-d18f899b9768', 'create_organization', NULL, NULL, NULL, NULL, NULL, NULL, false, NULL, '2025-07-07T15:47:45.616939+00:00', '2025-07-07T16:47:45.616939+00:00'),
('b38c0967-e884-4d8a-8927-98d6bbf9b452', '766a41b0-2603-4ba9-b258-d18f899b9768', 'create_organization', NULL, NULL, NULL, NULL, NULL, 'cs_live_b1sZdbaathLvuW9rGr0jp2EAQn0g9m8sg578OjIMVjWVijKmtmCC03R7xC', false, NULL, '2025-07-07T19:29:05.364757+00:00', '2025-07-07T20:29:05.364757+00:00'),
('c37b0b72-fb9f-43eb-984a-2f0a6b06555b', '65c26636-7f75-4af8-93cd-78b28b77789c', 'create_organization', NULL, NULL, NULL, NULL, NULL, 'cs_live_b1rKXJHRuCTPOU2ZjHBPqCUhM6OcToxWPV97Gq4LZ7CJS1AbkjoZolxiPU', false, NULL, '2025-08-22T01:57:20.664248+00:00', '2025-08-22T02:57:20.664248+00:00'),
('ca3f6371-406f-4137-805a-7e2025fbeb2f', '65c26636-7f75-4af8-93cd-78b28b77789c', 'create_organization', NULL, NULL, NULL, NULL, NULL, 'cs_live_b1E4KyQuE7auM5kUtSZdq8PgPi6VP7SrXKDxopfqphZAgqGqRIjtJcaCsV', false, NULL, '2025-08-22T01:57:34.829367+00:00', '2025-08-22T02:57:34.829367+00:00'),
('99d479b2-3474-4372-93e5-0cb83c64b807', '65c26636-7f75-4af8-93cd-78b28b77789c', 'create_organization', NULL, NULL, NULL, NULL, NULL, 'cs_live_b1D69VEmZ5jmblQw1obk4294bwc96D7Frlc863sXK6eJDR1nuSGrMLv0Ld', false, NULL, '2025-08-22T01:58:02.101046+00:00', '2025-08-22T02:58:02.101046+00:00'),
('fc63c83e-64cd-4c0a-9cbb-d45b09f93570', '65c26636-7f75-4af8-93cd-78b28b77789c', 'create_organization', NULL, NULL, NULL, NULL, NULL, 'cs_live_b199GvPMGBLe6mW6yYfpB3vbbseLSVtCvi43pKB6wowPeEewdeq4kdFiij', false, NULL, '2025-08-22T01:59:30.559416+00:00', '2025-08-22T02:59:30.559416+00:00'),
('92483251-d44a-4cb5-8a5b-c689f9a624f2', '65c26636-7f75-4af8-93cd-78b28b77789c', 'create_organization', NULL, NULL, NULL, NULL, NULL, 'cs_live_b1pxx67qvRHEeuRoaNEaNi9rWilGy3zIzA6z6dYPNKLMdGmlONwYwf3OXK', false, NULL, '2025-08-22T01:59:47.820356+00:00', '2025-08-22T02:59:47.820356+00:00');

-- Data for public.user_subscriptions
INSERT INTO public.user_subscriptions (id, user_id, plan_id, status, stripe_subscription_id, stripe_customer_id, current_period_end, created_at, updated_at, manual_override) VALUES
('ee6ef320-a6dd-4923-8876-994b3d0000ba', '31f658a4-fdc7-44cb-aa31-c1eb69a07deb', 'c8ed6449-1722-467c-957f-0bff16674813', 'active', NULL, NULL, NULL, '2025-07-05T20:26:23.705432+00:00', '2025-07-05T20:26:23.705432+00:00', false),
('36235cf6-04ba-4620-b25e-5696462de20c', '4350e472-57e1-4431-a2cb-fe33bdb3eef0', 'c8ed6449-1722-467c-957f-0bff16674813', 'active', NULL, NULL, NULL, '2025-07-05T20:26:23.705432+00:00', '2025-07-05T20:26:23.705432+00:00', false),
('2ebefb05-c429-4cd5-9173-d0f77e40d57c', '3a7a4057-e75a-4b7a-923e-d3014c5c13e9', 'c8ed6449-1722-467c-957f-0bff16674813', 'active', NULL, NULL, NULL, '2025-07-05T20:26:23.705432+00:00', '2025-07-05T20:26:23.705432+00:00', false),
('c6e8092b-1e43-413d-9ec5-b093917466d7', '3d948ad2-4a56-4a2c-a4df-1c9d532e5010', 'c8ed6449-1722-467c-957f-0bff16674813', 'active', NULL, NULL, NULL, '2025-07-05T20:26:23.705432+00:00', '2025-07-05T20:26:23.705432+00:00', false),
('df342084-663e-49f7-ab75-9812a6269069', 'fbb1c078-3cd0-4e64-8300-7d9e407c283a', 'c8ed6449-1722-467c-957f-0bff16674813', 'active', NULL, NULL, NULL, '2025-07-05T20:26:23.705432+00:00', '2025-07-05T20:26:23.705432+00:00', false),
('1112c8cd-144b-43c2-9f50-1e13acff3f8d', '65c26636-7f75-4af8-93cd-78b28b77789c', 'c8ed6449-1722-467c-957f-0bff16674813', 'active', NULL, NULL, NULL, '2025-07-05T20:26:23.705432+00:00', '2025-07-05T20:26:23.705432+00:00', false),
('1bcffe0f-2131-4422-a6d6-d64e6b4257fd', '766a41b0-2603-4ba9-b258-d18f899b9768', 'c8ed6449-1722-467c-957f-0bff16674813', 'active', NULL, 'cus_SdbwN6sMicLoQR', NULL, '2025-07-05T20:26:23.705432+00:00', '2025-07-05T20:26:23.705432+00:00', true),
('027da5c2-4071-4ec0-88f8-5a7f0019c768', '5bfd354a-531c-4323-b6b6-0c4d202b7094', 'c8ed6449-1722-467c-957f-0bff16674813', 'active', NULL, NULL, NULL, '2025-07-08T13:05:12.325024+00:00', '2025-07-08T13:05:12.325024+00:00', false),
('ecbc1b0b-b226-4c8d-82b8-23d3df2c8a9c', 'abf297bb-f4b6-4417-9c47-51ccbcb56c93', 'c8ed6449-1722-467c-957f-0bff16674813', 'active', NULL, NULL, NULL, '2025-07-16T09:08:48.77346+00:00', '2025-07-16T09:08:48.77346+00:00', false),
('a1ad6884-46f2-47fa-ba1d-fdd9b7ec6ec4', '73e329c5-114d-4af3-919c-08e076ff7261', 'c8ed6449-1722-467c-957f-0bff16674813', 'active', NULL, NULL, NULL, '2025-08-01T14:17:32.847876+00:00', '2025-08-01T14:17:32.847876+00:00', false),
('a79c0bec-8d40-4cfa-8d0b-de6f85bbfa6a', '120bba5b-7f5e-44db-b465-dc67b667b5d9', 'c8ed6449-1722-467c-957f-0bff16674813', 'active', NULL, NULL, NULL, '2025-08-03T16:53:43.143221+00:00', '2025-08-03T16:53:43.143221+00:00', false);

-- CONSTRAINTS
-- Constraints for public.admin_operations_log
ALTER TABLE public.admin_operations_log
  ADD CONSTRAINT admin_operations_log_pkey PRIMARY KEY (id);

-- Constraints for public.contact_submissions
ALTER TABLE public.contact_submissions
  ADD CONSTRAINT contact_submissions_pkey PRIMARY KEY (id);

-- Constraints for public.csrf_tokens
ALTER TABLE public.csrf_tokens
  ADD CONSTRAINT csrf_tokens_pkey PRIMARY KEY (id);

-- Constraints for public.org_buttons
ALTER TABLE public.org_buttons
  ADD CONSTRAINT org_buttons_pkey PRIMARY KEY (id);

-- Constraints for public.org_sections
ALTER TABLE public.org_sections
  ADD CONSTRAINT org_sections_pkey PRIMARY KEY (id);

-- Constraints for public.organization_invitations
ALTER TABLE public.organization_invitations
  ADD CONSTRAINT organization_invitations_pkey PRIMARY KEY (id);
ALTER TABLE public.organization_invitations
  ADD CONSTRAINT organization_invitations_token_key UNIQUE (token);

-- Constraints for public.organization_members
ALTER TABLE public.organization_members
  ADD CONSTRAINT organization_members_pkey PRIMARY KEY (id);
ALTER TABLE public.organization_members
  ADD CONSTRAINT unique_user_organization UNIQUE (user_id, organization_id);

-- Constraints for public.organizations
ALTER TABLE public.organizations
  ADD CONSTRAINT organizations_pkey PRIMARY KEY (id);
ALTER TABLE public.organizations
  ADD CONSTRAINT organizations_slug_key UNIQUE (slug);

-- Constraints for public.profiles
ALTER TABLE public.profiles
  ADD CONSTRAINT profiles_pkey PRIMARY KEY (id);

-- Constraints for public.rate_limits
ALTER TABLE public.rate_limits
  ADD CONSTRAINT rate_limits_pkey PRIMARY KEY (id);
ALTER TABLE public.rate_limits
  ADD CONSTRAINT rate_limits_user_id_endpoint_window_start_key UNIQUE (user_id, endpoint, window_start);

-- Constraints for public.subscription_plans
ALTER TABLE public.subscription_plans
  ADD CONSTRAINT subscription_plans_pkey PRIMARY KEY (id);

-- Constraints for public.upgrade_intents
ALTER TABLE public.upgrade_intents
  ADD CONSTRAINT upgrade_intents_pkey PRIMARY KEY (id);

-- Constraints for public.user_subscriptions
ALTER TABLE public.user_subscriptions
  ADD CONSTRAINT user_subscriptions_pkey PRIMARY KEY (id);
ALTER TABLE public.user_subscriptions
  ADD CONSTRAINT user_subscriptions_user_id_key UNIQUE (user_id);

-- INDEXES
-- Indexes for public.contact_submissions
CREATE INDEX idx_contact_submissions_status ON public.contact_submissions USING btree (status);
CREATE INDEX idx_contact_submissions_submitted_at ON public.contact_submissions USING btree (submitted_at);

-- Indexes for public.org_buttons
CREATE INDEX idx_org_buttons_domain_hash ON public.org_buttons USING btree (domain_hash);

-- Indexes for public.organization_invitations
CREATE INDEX idx_organization_invitations_email ON public.organization_invitations USING btree (email);
CREATE INDEX idx_organization_invitations_token ON public.organization_invitations USING btree (token);

-- Indexes for public.organization_members
CREATE INDEX idx_organization_members_user_org ON public.organization_members USING btree (user_id, organization_id);

-- FOREIGN KEY CONSTRAINTS
ALTER TABLE public.org_buttons
  ADD CONSTRAINT fk_org_buttons_organization_id
  FOREIGN KEY (organization_id) REFERENCES public.organizations(id);

ALTER TABLE public.org_buttons
  ADD CONSTRAINT fk_org_buttons_section_id
  FOREIGN KEY (section_id) REFERENCES public.org_sections(id);

ALTER TABLE public.org_sections
  ADD CONSTRAINT fk_org_sections_organization_id
  FOREIGN KEY (organization_id) REFERENCES public.organizations(id);

ALTER TABLE public.organization_members
  ADD CONSTRAINT fk_organization_members_organization_id
  FOREIGN KEY (organization_id) REFERENCES public.organizations(id);

ALTER TABLE public.org_buttons
  ADD CONSTRAINT org_buttons_organization_id_fkey
  FOREIGN KEY (organization_id) REFERENCES public.organizations(id);

ALTER TABLE public.org_buttons
  ADD CONSTRAINT org_buttons_section_id_fkey
  FOREIGN KEY (section_id) REFERENCES public.org_sections(id);

ALTER TABLE public.org_sections
  ADD CONSTRAINT org_sections_organization_id_fkey
  FOREIGN KEY (organization_id) REFERENCES public.organizations(id);

ALTER TABLE public.organization_invitations
  ADD CONSTRAINT organization_invitations_organization_id_fkey
  FOREIGN KEY (organization_id) REFERENCES public.organizations(id);

ALTER TABLE public.organization_members
  ADD CONSTRAINT organization_members_organization_id_fkey
  FOREIGN KEY (organization_id) REFERENCES public.organizations(id);

ALTER TABLE public.organization_members
  ADD CONSTRAINT organization_members_user_id_fkey
  FOREIGN KEY (user_id) REFERENCES public.profiles(id);

ALTER TABLE public.user_subscriptions
  ADD CONSTRAINT user_subscriptions_plan_id_fkey
  FOREIGN KEY (plan_id) REFERENCES public.subscription_plans(id);

